applicant_name,applicant_email,applicant_mobile,applicant_dob,first_name,last_name,date_of_birth,age,above_18
Zi Xiang Lim,limzixiang1999@hotmail.com,98399653,1999-06-16,Zi,XiangLim,19990616,24,True
tan kan min,cwibf@nwi.com,98349999,1994-06-07,tan,kanmin,19940607,29,True
Jerry Terry DVM,JerryTerry@campbell.net,97178388,1984-06-28,Jerry,TerryDVM,19840628,39,True
Steven Gillespie,StevenGillespie@bautista-jackson.com,52495317,2016-05-30,Steven,Gillespie,20160530,7,False
Matthew Miller,MatthewMiller97@mosley.com,51829718,2015-11-03,Matthew,Miller,20151103,7,False
Angela Roach,AngelaRoach30@patterson-mathis.com,41626043,2011-10-01,Angela,Roach,20111001,11,False
Leslie Ferguson II,LeslieFerguson42@mullins.com,87949816,2019-01-08,Leslie,FergusonII,20190108,4,False
Christopher King,ChristopherKing@prince-walls.com,10832304,2023-06-05,Christopher,King,20230605,0,False
Anita Harrison,AnitaHarrison78@miller.com,60229585,1987-06-30,Anita,Harrison,19870630,36,True
Antonio Nguyen,AntonioNguyen63@cobb.com,32651386,1975-09-21,Antonio,Nguyen,19750921,47,True
Dustin Vargas III,DustinVargas@shah.com,78555331,1991-08-29,Dustin,VargasIII,19910829,31,True
Michael Crawford,MichaelCrawford@hicks.com,58980810,1980-04-17,Michael,Crawford,19800417,43,True
Kevin Haley DVM,KevinHaley@patterson-mathis.com,29689181,2001-02-16,Kevin,HaleyDVM,20010216,22,True
Charles Mcintyre,CharlesMcintyre@acevedo.com,26097585,1970-08-22,Charles,Mcintyre,19700822,52,True
Kevin Williams,KevinWilliams77@tucker-cruz.com,22616842,1998-10-02,Kevin,Williams,19981002,24,True
Heather Dougherty MD,HeatherDougherty@robinson.com,78345298,2009-03-08,Heather,DoughertyMD,20090308,14,False
Alicia Mcclain,AliciaMcclain74@sutton.com,76496351,1983-06-20,Alicia,Mcclain,19830620,40,True
Dominique Herrera DVM,DominiqueHerrera@mosley.com,78355123,1975-09-29,Dominique,HerreraDVM,19750929,47,True
Jennifer Sanders,JenniferSanders@morton.com,42397600,1999-12-15,Jennifer,Sanders,19991215,23,True
Shannon Ramos III,ShannonRamos@bautista-jackson.com,69939722,1978-03-23,Shannon,RamosIII,19780323,45,True
Amy Pena,AmyPena@miller.com,46963388,1998-09-18,Amy,Pena,19980918,24,True
Tammy Williams,TammyWilliams87@burns.com,85658644,2006-08-05,Tammy,Williams,20060805,17,False
Thomas Morrison PhD,ThomasMorrison57@snyder-jennings.com,95105600,2003-05-11,Thomas,MorrisonPhD,20030511,20,True
Shawn Webb,ShawnWebb@nguyen-ramos.com,30423079,2008-02-09,Shawn,Webb,20080209,15,False
Alexander Morrison DDS,AlexanderMorrison@castillo.com,18517895,1971-06-19,Alexander,MorrisonDDS,19710619,52,True
Lisa Brown,LisaBrown@shelton.com,38250595,2007-08-03,Lisa,Brown,20070803,16,False
Jeffrey Flores,JeffreyFlores16@hughes-rice.net.com,94603926,1973-01-06,Jeffrey,Flores,19730106,50,True
Benjamin Silva,BenjaminSilva53@hicks.com,54858026,1983-11-01,Benjamin,Silva,19831101,39,True
William Ramirez,WilliamRamirez28@castillo.com,28909189,1990-03-23,William,Ramirez,19900323,33,True
Donna Thornton,DonnaThornton88@tucker-cruz.com,80420572,1997-08-23,Donna,Thornton,19970823,25,True
John Crawford,JohnCrawford@castillo.com,47545745,1972-03-28,John,Crawford,19720328,51,True
April Sullivan,AprilSullivan6@hall.com,54113231,1972-03-09,April,Sullivan,19720309,51,True
Julie Moon,JulieMoon@campbell.net,28246158,1976-08-28,Julie,Moon,19760828,46,True
Manuel Ramirez,ManuelRamirez100@mills.net,19519040,1973-11-08,Manuel,Ramirez,19731108,49,True
Nicholas Coleman,NicholasColeman@richardson.com,35036333,1980-06-15,Nicholas,Coleman,19800615,43,True
John White,JohnWhite@hall.com,25432745,2020-01-24,John,White,20200124,3,False
Robert Fox,RobertFox@hicks.com,63962995,1996-04-26,Robert,Fox,19960426,27,True
Matthew Barnes,MatthewBarnes84@campbell.net,77260295,2020-10-19,Matthew,Barnes,20201019,2,False
Nicholas Green,NicholasGreen98@logan.net,96432151,1975-11-09,Nicholas,Green,19751109,47,True
Wesley Johnson,WesleyJohnson58@tucker-cruz.com,69953200,1984-06-01,Wesley,Johnson,19840601,39,True
Amanda Woodard,AmandaWoodard76@robinson.com,56757103,2013-12-19,Amanda,Woodard,20131219,9,False
Gary Copeland DVM,GaryCopeland@hicks.com,41506454,2009-10-20,Gary,CopelandDVM,20091020,13,False
Mary Smith,MarySmith@patterson-mathis.com,49582675,1985-05-03,Mary,Smith,19850503,38,True
Ethan Huff,EthanHuff@wilson.com,63842508,2011-02-27,Ethan,Huff,20110227,12,False
Robert Mendoza,RobertMendoza62@morton.com,17816627,1976-02-29,Robert,Mendoza,19760229,47,True
Allen Edwards II,AllenEdwards@tucker-cruz.com,97745747,2016-07-23,Allen,EdwardsII,20160723,7,False
Christopher Aguilar II,ChristopherAguilar@logan.net,38053771,2015-12-31,Christopher,AguilarII,20151231,7,False
Miss Lori Weaver,LoriWeaver@nguyen-ramos.com,94045135,1982-11-13,Miss,LoriWeaver,19821113,40,True
Dwayne Larson DDS,DwayneLarson@sutton.com,32809158,1995-02-11,Dwayne,LarsonDDS,19950211,28,True
Christopher Craig,ChristopherCraig@nguyen.com,90555274,1972-08-05,Christopher,Craig,19720805,51,True
John Jones,JohnJones@richardson.com,51111181,2006-08-02,John,Jones,20060802,17,False
Alexander Murillo II,AlexanderMurillo@wagner.net,31633758,1999-07-05,Alexander,MurilloII,19990705,24,True
David Mcgee II,DavidMcgee@campbell-burnett.com,76365239,1983-11-02,David,McgeeII,19831102,39,True
Shawn Small,ShawnSmall@becker-price.com,39558311,2023-03-14,Shawn,Small,20230314,0,False
Donna Alvarado,DonnaAlvarado85@burns-taylor.com,41979717,1987-05-12,Donna,Alvarado,19870512,36,True
Stephanie Molina,StephanieMolina@nguyen-ramos.com,97762647,2020-04-27,Stephanie,Molina,20200427,3,False
Bruce Allen II,BruceAllen59@garcia.com,17301251,1994-11-10,Bruce,AllenII,19941110,28,True
Melanie Coffey,MelanieCoffey75@wilson.com,80262849,1995-10-22,Melanie,Coffey,19951022,27,True
Miss Erin Rose,ErinRose58@lambert.com,39675724,2005-10-14,Miss,ErinRose,20051014,17,False
Jennifer Peters PhD,JenniferPeters84@mills.net,52922279,2023-03-25,Jennifer,PetersPhD,20230325,0,False
Samantha Allen,SamanthaAllen49@logan.net,99416756,2004-03-29,Samantha,Allen,20040329,19,True
Raymond Anderson,RaymondAnderson@wagner.net,20863119,2005-04-10,Raymond,Anderson,20050410,18,True
Amanda Anderson DDS,AmandaAnderson93@snyder-jennings.com,79265210,1978-02-26,Amanda,AndersonDDS,19780226,45,True
Veronica Gilmore,VeronicaGilmore@murillo.net,75767685,1986-02-09,Veronica,Gilmore,19860209,37,True
Robin Anderson MD DDS,RobinAnderson@logan.net,29878405,2015-11-20,Robin,AndersonMDDDS,20151120,7,False
Michael Jackson MD,MichaelJackson94@nguyen.com,95338159,2023-04-07,Michael,JacksonMD,20230407,0,False
Christine Boyd,ChristineBoyd60@burns.com,79987927,1986-12-18,Christine,Boyd,19861218,36,True
Michael Martin,MichaelMartin54@burns.com,35172697,2022-12-12,Michael,Martin,20221212,0,False
Michele Brown III,MicheleBrown@becker-price.com,43175460,1986-09-01,Michele,BrownIII,19860901,36,True
Scott Rodriguez Jr.,ScottRodriguez22@tucker-cruz.com,89539303,1978-09-09,Scott,RodriguezJr,19780909,44,True
Tracy Hunt,TracyHunt@campbell.net,68641961,1987-02-05,Tracy,Hunt,19870205,36,True
Kenneth Young DVM,KennethYoung@richardson.com,21293779,1983-03-04,Kenneth,YoungDVM,19830304,40,True
Kathleen Schultz,KathleenSchultz@murillo.net,63171388,2006-01-04,Kathleen,Schultz,20060104,17,False
Ashley Patterson,AshleyPatterson@hall.com,60395187,2018-06-22,Ashley,Patterson,20180622,5,False
John Thomas II,JohnThomas@hall.com,60266158,2019-02-23,John,ThomasII,20190223,4,False
Nicole Alvarez,NicoleAlvarez16@campbell.net,64254920,2013-06-02,Nicole,Alvarez,20130602,10,False
Benjamin Mcgee,BenjaminMcgee3@miller.com,11276445,2006-02-22,Benjamin,Mcgee,20060222,17,False
Charles Johnson MD,CharlesJohnson15@snyder-jennings.com,34106626,2023-06-26,Charles,JohnsonMD,20230626,0,False
Cathy Underwood,CathyUnderwood26@becker-price.com,68956416,2021-03-31,Cathy,Underwood,20210331,2,False
Julie Gardner DVM,JulieGardner@shelton.com,12528400,1990-09-20,Julie,GardnerDVM,19900920,32,True
Daniel Williams DVM,DanielWilliams46@williams.com,10179552,2020-10-14,Daniel,WilliamsDVM,20201014,2,False
Kenneth Benson,KennethBenson2@logan.net,82702656,2016-12-15,Kenneth,Benson,20161215,6,False
Mercedes Calderon PhD,MercedesCalderon@garcia.com,92087537,2007-11-06,Mercedes,CalderonPhD,20071106,15,False
Juan Davenport,JuanDavenport13@williams.com,45474982,1993-05-20,Juan,Davenport,19930520,30,True
Todd Davis,ToddDavis@lambert.com,18417295,2018-08-25,Todd,Davis,20180825,4,False
Jennifer Hill III,JenniferHill@logan.net,52252508,2018-09-04,Jennifer,HillIII,20180904,4,False
William Ramos II,WilliamRamos@burns-taylor.com,74652442,2004-10-08,William,RamosII,20041008,18,True
Steven Miller III,StevenMiller@shelton.com,33329514,1976-06-14,Steven,MillerIII,19760614,47,True
Maria Young,MariaYoung@hall.com,29161475,2015-05-08,Maria,Young,20150508,8,False
Diana Levy,DianaLevy@mills.net,81705581,1992-10-24,Diana,Levy,19921024,30,True
Donna Rodriguez,DonnaRodriguez47@shah.com,27100567,1985-09-27,Donna,Rodriguez,19850927,37,True
Joseph Simpson,JosephSimpson76@snyder-jennings.com,29462547,2016-09-08,Joseph,Simpson,20160908,6,False
Melissa Lewis DVM,MelissaLewis@becker-price.com,35610148,1991-02-16,Melissa,LewisDVM,19910216,32,True
Bethany Wheeler DVM,BethanyWheeler43@murillo.net,81092812,1983-03-21,Bethany,WheelerDVM,19830321,40,True
Renee Lambert DVM,ReneeLambert@sutton.com,76035824,2011-05-21,Renee,LambertDVM,20110521,12,False
John Lopez,JohnLopez@sutton.com,28116605,1974-01-24,John,Lopez,19740124,49,True
William Coleman PhD,WilliamColeman36@shah.com,86552826,1998-12-13,William,ColemanPhD,19981213,24,True
Christine Howard,ChristineHoward@castillo.com,43245692,2000-08-03,Christine,Howard,20000803,23,True
Aaron Garrett II,AaronGarrett@sutton.com,64795590,2015-02-26,Aaron,GarrettII,20150226,8,False
Carla Rodriguez,CarlaRodriguez49@lambert.com,93837868,2008-01-14,Carla,Rodriguez,20080114,15,False
Devin Alexander III,Mr.Devin@morton.com,29873327,2020-12-08,Devin,AlexanderIII,20201208,2,False
Hunter Garcia DDS,Mr.Hunter@shah.com,49792482,1976-12-08,Hunter,GarciaDDS,19761208,46,True
Mark Clay Jr.,MarkClay72@burns.com,94492294,2019-06-20,Mark,ClayJr,20190620,4,False
Daniel Cherry,DanielCherry@miller.com,72500415,2010-01-14,Daniel,Cherry,20100114,13,False
Tonya Salazar MD,TonyaSalazar@robinson.com,51427059,1990-06-12,Tonya,SalazarMD,19900612,33,True
Mary Middleton,MaryMiddleton6@snyder-jennings.com,12520800,1982-09-07,Mary,Middleton,19820907,40,True
Rhonda Wiggins,RhondaWiggins11@bautista-jackson.com,59791402,1973-12-02,Rhonda,Wiggins,19731202,49,True
Miss Brandi Meza,BrandiMeza@sutton.com,44847842,1977-12-27,Miss,BrandiMeza,19771227,45,True
Krista Davies DDS,KristaDavies@richardson.com,54627983,2017-07-18,Krista,DaviesDDS,20170718,6,False
Nancy Stephenson,NancyStephenson@becker-price.com,68956925,1982-10-27,Nancy,Stephenson,19821027,40,True
Deanna Jenkins,DeannaJenkins40@sutton.com,50290458,2008-08-26,Deanna,Jenkins,20080826,14,False
Scott Wall,ScottWall@burns.com,95283500,1981-04-04,Scott,Wall,19810404,42,True
Brittany Price,BrittanyPrice48@williams.com,34001398,1979-02-28,Brittany,Price,19790228,44,True
Jeffrey Weber DDS,JeffreyWeber@morton.com,45010064,1979-10-10,Jeffrey,WeberDDS,19791010,43,True
Heather Murray,HeatherMurray49@wilson.com,57187718,1992-09-30,Heather,Murray,19920930,30,True
Angela Houston,AngelaHouston68@wilson.com,26452083,2021-08-17,Angela,Houston,20210817,1,False
Miss Edgar Henderson II,EdgarHenderson52@mosley.com,92096294,1996-06-28,Miss,EdgarHendersonII,19960628,27,True
Noah Rivera III,Mr.Noah73@campbell-burnett.com,62514022,1992-08-07,Noah,RiveraIII,19920807,31,True
Angela Robinson,AngelaRobinson84@snyder-jennings.com,50636319,2018-04-08,Angela,Robinson,20180408,5,False
Kristi Scott,KristiScott28@snyder-jennings.com,53642372,1972-02-13,Kristi,Scott,19720213,51,True
Tamara Walker DVM,TamaraWalker@hall.com,21818652,1974-06-26,Tamara,WalkerDVM,19740626,49,True
Erik Wong,ErikWong7@mills.net,73888053,2014-02-08,Erik,Wong,20140208,9,False
Bryan Sherman Jr.,BryanSherman@bautista-jackson.com,31171353,1981-03-25,Bryan,ShermanJr,19810325,42,True
Charles Parks III,CharlesParks@wilson.com,57405671,2008-01-03,Charles,ParksIII,20080103,15,False
John Herman PhD,JohnHerman@sutton.com,57661847,1988-07-13,John,HermanPhD,19880713,35,True
Kristy Le PhD,KristyLe50@shah.com,57461028,1983-02-20,Kristy,LePhD,19830220,40,True
Benjamin Olson,BenjaminOlson29@mosley.com,30012451,2008-06-04,Benjamin,Olson,20080604,15,False
Marc Rice DVM,MarcRice71@burns-taylor.com,77607833,2004-10-04,Marc,RiceDVM,20041004,18,True
Nathan Potter,NathanPotter@burns.com,37334314,1996-10-23,Nathan,Potter,19961023,26,True
Jonathan Archer PhD,JonathanArcher44@hicks.com,42342650,2008-01-30,Jonathan,ArcherPhD,20080130,15,False
Lisa Rocha,LisaRocha@richardson.com,67720179,1991-05-22,Lisa,Rocha,19910522,32,True
Latoya Wilson DDS,LatoyaWilson@williams.com,67949049,1992-01-26,Latoya,WilsonDDS,19920126,31,True
Amanda Fernandez,AmandaFernandez@acevedo.com.com,66019953,2010-06-09,Amanda,Fernandez,20100609,13,False
Phillip Davis DVM,PhillipDavis@campbell-burnett.com,69576989,2007-06-15,Phillip,DavisDVM,20070615,16,False
Charles Glover,CharlesGlover96@wilson.com,52915217,1971-04-19,Charles,Glover,19710419,52,True
Shelby Mcclain,ShelbyMcclain88@burns.com,78517412,1991-06-16,Shelby,Mcclain,19910616,32,True
Timothy Ingram,TimothyIngram43@bautista-jackson.com,99124566,2014-06-14,Timothy,Ingram,20140614,9,False
Brandon Russell,BrandonRussell70@nguyen-ramos.com,68203422,2017-06-30,Brandon,Russell,20170630,6,False
Theresa Thompson,TheresaThompson@tucker-cruz.com,10027623,1980-08-02,Theresa,Thompson,19800802,43,True
Miss Jorge Mueller,JorgeMueller@murillo.net,19612294,2023-06-22,Miss,JorgeMueller,20230622,0,False
Melanie Ellis PhD,MelanieEllis@burns.com,51624763,1986-04-17,Melanie,EllisPhD,19860417,37,True
Sheri Goodman DDS,SheriGoodman@becker-price.com,47055572,2020-09-30,Sheri,GoodmanDDS,20200930,2,False
Alisha Reid PhD,AlishaReid@mosley.com,29872333,1979-03-03,Alisha,ReidPhD,19790303,44,True
Brandon Wheeler DVM,BrandonWheeler28@nguyen.com,95681922,2016-11-15,Brandon,WheelerDVM,20161115,6,False
Jennifer Gray DDS,JenniferGray@shah.com,90752196,2015-12-22,Jennifer,GrayDDS,20151222,7,False
Cheryl Taylor II,CherylTaylor@robinson.com,57379755,2005-07-25,Cheryl,TaylorII,20050725,18,True
Louis Neal,LouisNeal@murillo.net,57996178,1988-05-11,Louis,Neal,19880511,35,True
Daniel Boone II DVM,DanielBoone23@robinson.com,52617746,1976-08-15,Daniel,BooneIIDVM,19760815,47,True
Denise Beltran,DeniseBeltran75@morton.com,54382000,2010-08-31,Denise,Beltran,20100831,12,False
Amanda Garza,AmandaGarza76@shah.com,59720056,2000-08-23,Amanda,Garza,20000823,22,True
Philip Russell,PhilipRussell40@murillo.net,31665122,2019-01-02,Philip,Russell,20190102,4,False
Laura Walters MD,LauraWalters@campbell.net,82501455,1998-01-20,Laura,WaltersMD,19980120,25,True
Tyler Gilmore III,TylerGilmore@robinson.com,60677364,1981-02-10,Tyler,GilmoreIII,19810210,42,True
David Beard Jr.,DavidBeard@sutton.com,75778796,2007-01-30,David,BeardJr,20070130,16,False
Laura Spencer II,LauraSpencer@mills.net,80316135,1985-08-15,Laura,SpencerII,19850815,37,True
Susan Carroll,SusanCarroll@garcia.com,40469617,1977-09-08,Susan,Carroll,19770908,45,True
Jasmine Adkins,JasmineAdkins100@miller.com,12792350,1989-12-09,Jasmine,Adkins,19891209,33,True
Miguel Gallagher,MiguelGallagher@morton.com,33711744,1989-06-23,Miguel,Gallagher,19890623,34,True
Jessica Johnson,JessicaJohnson10@mills.net,82966497,1983-07-04,Jessica,Johnson,19830704,40,True
Patricia Stephenson,PatriciaStephenson@acevedo.com,42647409,1971-06-01,Patricia,Stephenson,19710601,52,True
Barbara Clarke,BarbaraClarke78@hughes-rice.net,90561444,1984-11-09,Barbara,Clarke,19841109,38,True
Tammy Houston,TammyHouston@hicks.com,46944837,2014-09-16,Tammy,Houston,20140916,8,False
Miss Eric Warren PhD,EricWarren@nguyen.com,25108884,2004-12-22,Miss,EricWarrenPhD,20041222,18,True
Daniel Wilson DVM DDS,DanielWilson@garcia.com,90996305,2004-04-22,Daniel,WilsonDVMDDS,20040422,19,True
Guy Gilbert,GuyGilbert@cobb.com,40737735,2014-11-02,Guy,Gilbert,20141102,8,False
Lori Gates,LoriGates@miller.com,57991895,2016-02-01,Lori,Gates,20160201,7,False
Gabriella Moore Jr.,GabriellaMoore45@burns-taylor.com,87524990,1970-07-01,Gabriella,MooreJr,19700701,53,True
Tracey Phillips PhD,TraceyPhillips54@prince-walls.com,28224085,2013-05-15,Tracey,PhillipsPhD,20130515,10,False
Robert Duncan Jr.,RobertDuncan@hughes-rice.net,94229085,2017-09-17,Robert,DuncanJr,20170917,5,False
Maria Haas,MariaHaas@mosley.com,62296514,1986-12-25,Maria,Haas,19861225,36,True
Angela Nichols,AngelaNichols76@mosley.com,35853630,1975-12-22,Angela,Nichols,19751222,47,True
Jacob Hendricks II,JacobHendricks9@murillo.net,33106393,2023-07-15,Jacob,HendricksII,20230715,0,False
Veronica King II,VeronicaKing@shelton.com,96315878,1993-03-30,Veronica,KingII,19930330,30,True
Jacob Wang,JacobWang@nguyen.com,29126786,2022-04-03,Jacob,Wang,20220403,1,False
Erin Vargas PhD,ErinVargas@hall.com,71130663,1977-06-01,Erin,VargasPhD,19770601,46,True
Charles Bowers,CharlesBowers13@shah.com,87528438,2007-03-17,Charles,Bowers,20070317,16,False
Teresa Bennett,TeresaBennett20@shelton.com,48256639,1991-08-01,Teresa,Bennett,19910801,32,True
Nicole Jordan DVM,NicoleJordan@shah.com,54963304,1973-02-15,Nicole,JordanDVM,19730215,50,True
Troy Keith,TroyKeith@becker-price.com,34608200,1970-10-26,Troy,Keith,19701026,52,True
Miss John Walker,JohnWalker@snyder-jennings.com,43120358,1982-07-28,Miss,JohnWalker,19820728,41,True
Rachel Phillips DDS,RachelPhillips32@becker-price.com,63922078,2000-09-10,Rachel,PhillipsDDS,20000910,22,True
Krystal Silva PhD,KrystalSilva@lambert.com,68570155,2015-10-25,Krystal,SilvaPhD,20151025,7,False
Charlotte Moran III,CharlotteMoran74@hicks.com,88282536,2008-03-06,Charlotte,MoranIII,20080306,15,False
Alyssa Christian,AlyssaChristian@acevedo.com,25409168,1999-09-21,Alyssa,Christian,19990921,23,True
Julie Fuller,JulieFuller72@morton.com,61086695,1977-05-17,Julie,Fuller,19770517,46,True
Michael Yates MD,MichaelYates@becker-price.com,27645601,2017-04-16,Michael,YatesMD,20170416,6,False
Lindsay Randall II,LindsayRandall71@campbell-burnett.com,98598436,2023-06-07,Lindsay,RandallII,20230607,0,False
Rachel Chapman MD III,RachelChapman@richardson.com,88973313,2021-10-03,Rachel,ChapmanMDIII,20211003,1,False
Ryan Campbell,RyanCampbell@murillo.net,59394685,2016-12-05,Ryan,Campbell,20161205,6,False
Veronica Murphy Jr.,VeronicaMurphy74@patterson-mathis.com,71449499,2016-05-14,Veronica,MurphyJr,20160514,7,False
Michelle Jones,MichelleJones15@campbell-burnett.com,25675731,2002-11-10,Michelle,Jones,20021110,20,True
Danielle Parks,DanielleParks17@cobb.com,62159184,1996-07-28,Danielle,Parks,19960728,27,True
Alexis Wright,AlexisWright@nguyen.com,63253156,2017-10-21,Alexis,Wright,20171021,5,False
Michael Mccann,MichaelMccann54@mills.net,31174597,1984-04-05,Michael,Mccann,19840405,39,True
Gregory Perez,GregoryPerez@castillo.com,68089283,2019-11-04,Gregory,Perez,20191104,3,False
Terri Martinez,TerriMartinez1@morton.com,33637453,2010-01-29,Terri,Martinez,20100129,13,False
Hannah Newton,HannahNewton@wagner.net,51908630,1983-07-11,Hannah,Newton,19830711,40,True
John Pineda III,JohnPineda@tucker-cruz.com,97443620,1990-11-19,John,PinedaIII,19901119,32,True
Roger Williams,RogerWilliams22@mills.net,89649075,2008-05-11,Roger,Williams,20080511,15,False
Michael Mccarthy,MichaelMccarthy@burns-taylor.com,39229126,2003-05-09,Michael,Mccarthy,20030509,20,True
Elizabeth Vargas,ElizabethVargas@mosley.com,63428045,2019-11-15,Elizabeth,Vargas,20191115,3,False
Sabrina Travis,SabrinaTravis100@williams.com,84828025,2011-02-25,Sabrina,Travis,20110225,12,False
William Martinez,WilliamMartinez@mosley.com,76642787,2019-04-23,William,Martinez,20190423,4,False
Valerie Jacobson,ValerieJacobson@snyder-jennings.com,48413655,1986-03-24,Valerie,Jacobson,19860324,37,True
Sandra Jackson,SandraJackson81@murillo.net,60668060,1983-10-26,Sandra,Jackson,19831026,39,True
Miss Jocelyn Padilla,JocelynPadilla46@logan.net,80032061,2001-12-28,Miss,JocelynPadilla,20011228,21,True
Kim Patel DVM,KimPatel68@mullins.com,64814106,2019-02-05,Kim,PatelDVM,20190205,4,False
Phillip Butler,PhillipButler72@campbell-burnett.com,15425201,2014-08-26,Phillip,Butler,20140826,8,False
Kara Smith,KaraSmith@hughes-rice.net,67538862,2018-10-29,Kara,Smith,20181029,4,False
Margaret Hubbard,MargaretHubbard@logan.net,41589538,2004-11-12,Margaret,Hubbard,20041112,18,True
Robert Morrison PhD,RobertMorrison33@burns.com,36673584,1976-05-21,Robert,MorrisonPhD,19760521,47,True
Cathy Sanders,CathySanders@bautista-jackson.com,80746961,1992-01-24,Cathy,Sanders,19920124,31,True
Wendy Oneill,WendyOneill78@miller.com,54988266,2010-04-17,Wendy,Oneill,20100417,13,False
Tanya Anderson,TanyaAnderson10@williams.com,87421384,2019-01-26,Tanya,Anderson,20190126,4,False
Catherine Mitchell,CatherineMitchell86@nguyen.com,59854766,2023-06-29,Catherine,Mitchell,20230629,0,False
Peter Ford,PeterFord@campbell-burnett.com,90831449,2007-03-24,Peter,Ford,20070324,16,False
Carla Dunn,CarlaDunn@wilson.com,77694479,1994-05-04,Carla,Dunn,19940504,29,True
Kimberly Cantu,KimberlyCantu82@snyder-jennings.com,81861892,1989-03-29,Kimberly,Cantu,19890329,34,True
Sarah Williams,SarahWilliams21@castillo.com,92146048,1990-01-26,Sarah,Williams,19900126,33,True
Richard Andrews Jr.,RichardAndrews34@logan.net,88140191,2005-05-25,Richard,AndrewsJr,20050525,18,True
David Riley MD,DavidRiley@lambert.com,25149768,2020-07-24,David,RileyMD,20200724,3,False
Christine Hudson,ChristineHudson@shah.com,30454102,1972-02-12,Christine,Hudson,19720212,51,True
Logan Swanson PhD,LoganSwanson@miller.com,56819923,2001-03-07,Logan,SwansonPhD,20010307,22,True
Kendra Johnson,KendraJohnson21@campbell.net,73750408,1984-08-11,Kendra,Johnson,19840811,39,True
Vanessa Wright,VanessaWright38@wilson.com,79318976,1997-06-10,Vanessa,Wright,19970610,26,True
Amy Weaver,AmyWeaver@nguyen.com,40791389,1988-09-22,Amy,Weaver,19880922,34,True
Sandy Castillo,SandyCastillo66@morton.com,50015573,1994-07-17,Sandy,Castillo,19940717,29,True
Nicholas Reed MD,NicholasReed@patterson-mathis.com,93405528,1995-11-01,Nicholas,ReedMD,19951101,27,True
Michael Hodges,MichaelHodges26@williams.com,30226853,2016-03-29,Michael,Hodges,20160329,7,False
Nicholas Vega MD,NicholasVega@campbell.net,20884952,2007-03-21,Nicholas,VegaMD,20070321,16,False
William Williams,WilliamWilliams@lambert.com,44610483,1970-03-14,William,Williams,19700314,53,True
Carrie Munoz,CarrieMunoz60@bautista-jackson.com,84498359,1977-01-13,Carrie,Munoz,19770113,46,True
Sandra Johnson MD,Mrs.Sandra@murillo.net,35794293,2023-05-04,Sandra,JohnsonMD,20230504,0,False
