applicant_name,applicant_email,applicant_mobile,applicant_dob,first_name,last_name,date_of_birth,age,above_18
Willie Richard,WillieRichard43@williams.com,84246600,2002-05-06,Willie,Richard,20020506,21,True
Darlene Barker,DarleneBarker97@miller.com,21353487,2008-03-11,Darlene,Barker,20080311,15,False
Bryan Roberts Jr.,BryanRoberts@kramer-young.com,75689334,1993-01-08,Bryan,RobertsJr,19930108,30,True
Jeanette Garcia Jr.,JeanetteGarcia18@hernandez.com,98318914,1987-09-15,Jeanette,GarciaJr,19870915,35,True
Amy Gutierrez MD,AmyGutierrez@barry.com,61009414,1972-02-24,Amy,GutierrezMD,19720224,51,True
Jonathan Boyd DDS,JonathanBoyd@martinez.com,71545033,2021-03-11,Jonathan,BoydDDS,20210311,2,False
Donna Gray,DonnaGray@russo.com,25219653,2002-09-27,Donna,Gray,20020927,20,True
Dana Potts,DanaPotts@cunningham.com,89567002,2016-06-07,Dana,Potts,20160607,7,False
Annette Garcia,AnnetteGarcia41@everett.com,29050860,1992-02-06,Annette,Garcia,19920206,31,True
Valerie Conrad,ValerieConrad82@baker.com,30716913,2021-12-07,Valerie,Conrad,20211207,1,False
Kyle Pacheco,KylePacheco91@burns.com,20025798,1994-07-30,Kyle,Pacheco,19940730,29,True
Miss Crystal Johnson,CrystalJohnson61@martinez.com,29086329,2002-03-20,Miss,CrystalJohnson,20020320,21,True
Christine Cooley,ChristineCooley@williams.com,87241564,1984-09-06,Christine,Cooley,19840906,38,True
Erik Johns,ErikJohns@bridges-myers.com,91837214,1997-07-24,Erik,Johns,19970724,26,True
Vanessa Hunter,VanessaHunter23@townsend.com,90723328,2004-12-21,Vanessa,Hunter,20041221,18,True
Marissa Torres,MarissaTorres27@briggs.com,14772806,2005-06-24,Marissa,Torres,20050624,18,True
Jessica Hernandez MD,JessicaHernandez@martinez.com,78640931,2018-10-05,Jessica,HernandezMD,20181005,4,False
Carolyn Frazier Jr.,CarolynFrazier23@barry.com,42351921,2008-10-23,Carolyn,FrazierJr,20081023,14,False
Brian Douglas DVM,BrianDouglas@hernandez.com,33556995,1977-03-08,Brian,DouglasDVM,19770308,46,True
Daniel Curtis Jr.,DanielCurtis@bridges-myers.com,10584574,1992-01-18,Daniel,CurtisJr,19920118,31,True
Michael Nguyen,MichaelNguyen10@burns.com,67286489,2007-03-02,Michael,Nguyen,20070302,16,False
Melissa Johnson DDS,MelissaJohnson77@watson.com,46035022,1987-05-31,Melissa,JohnsonDDS,19870531,36,True
Felicia Jones PhD,FeliciaJones@george.com,18023307,1970-10-11,Felicia,JonesPhD,19701011,52,True
Katrina Williams,KatrinaWilliams@bowman-curtis.com,91938708,2018-12-02,Katrina,Williams,20181202,4,False
Heather Jackson III,HeatherJackson80@burns.com,19309428,2011-05-25,Heather,JacksonIII,20110525,12,False
Ryan Ford Jr.,RyanFord6@hernandez.com,59131142,1988-12-10,Ryan,FordJr,19881210,34,True
Maurice Gonzalez,MauriceGonzalez@hebert-ortiz.com,58177259,1991-03-20,Maurice,Gonzalez,19910320,32,True
Adam Lopez,AdamLopez@baker.com,18730509,2021-12-24,Adam,Lopez,20211224,1,False
Dean Mullen II,DeanMullen@ross.com,20717822,1976-06-17,Dean,MullenII,19760617,47,True
Stephanie Hill,StephanieHill75@martinez.com,17360059,2007-12-08,Stephanie,Hill,20071208,15,False
Miss Jennifer Gibson,JenniferGibson69@hebert-ortiz.com,20804522,1993-11-16,Miss,JenniferGibson,19931116,29,True
Diana Chan,DianaChan@miller.com,18671500,1989-10-08,Diana,Chan,19891008,33,True
Samantha Kirk DVM,SamanthaKirk@bowman-curtis.com,60482740,1980-05-18,Samantha,KirkDVM,19800518,43,True
Brandy Green,BrandyGreen21@barry.com,10203765,1992-11-19,Brandy,Green,19921119,30,True
Kevin Hunter,KevinHunter20@watson.com,70504438,2003-06-22,Kevin,Hunter,20030622,20,True
Brooke Summers,BrookeSummers59@bonilla.com,34408646,2012-06-20,Brooke,Summers,20120620,11,False
Christian Cole,ChristianCole2@cunningham.com,78309815,2010-07-07,Christian,Cole,20100707,13,False
Jessica Novak Jr.,JessicaNovak@booth-morrison.com,10996079,1981-01-09,Jessica,NovakJr,19810109,42,True
Alexander Guerra,AlexanderGuerra@townsend.com,75251170,1971-01-31,Alexander,Guerra,19710131,52,True
John Clark,JohnClark@small.net,27388887,2001-11-10,John,Clark,20011110,21,True
Cynthia Green PhD,CynthiaGreen@small.net,50468484,1975-10-20,Cynthia,GreenPhD,19751020,47,True
Sherry Shaw MD,SherryShaw@compton.com,32360118,1992-07-27,Sherry,ShawMD,19920727,31,True
Matthew Martin,MatthewMartin68@stone.net,16396057,1993-11-28,Matthew,Martin,19931128,29,True
Christine Hays,ChristineHays90@burns.com,70900432,1992-11-11,Christine,Hays,19921111,30,True
Steven Porter III,StevenPorter@miller.com,18476146,2010-09-15,Steven,PorterIII,20100915,12,False
Jessica Brown DVM,JessicaBrown@booth-morrison.com,27924578,1971-11-16,Jessica,BrownDVM,19711116,51,True
Michael Williams,MichaelWilliams@miller.com,33370939,2011-11-27,Michael,Williams,20111127,11,False
Christine Rice,ChristineRice95@baker.com,43170459,1973-03-14,Christine,Rice,19730314,50,True
Katherine Brown DDS,KatherineBrown57@stone.net,95578191,1979-09-01,Katherine,BrownDDS,19790901,43,True
Stephanie Smith III,StephanieSmith90@stone.net,43449857,1988-03-21,Stephanie,SmithIII,19880321,35,True
Michael Gentry,MichaelGentry77@burns.com,46464161,2004-01-23,Michael,Gentry,20040123,19,True
Michael Santos,MichaelSantos74@bowman-curtis.com,53763092,2006-01-07,Michael,Santos,20060107,17,False
Melinda Chavez,MelindaChavez85@bridges-myers.com,71520270,2019-12-14,Melinda,Chavez,20191214,3,False
Patricia Olson,PatriciaOlson99@kramer-young.com,28512503,1974-05-18,Patricia,Olson,19740518,49,True
Matthew Hartman,MatthewHartman36@george.com,65335228,1996-10-05,Matthew,Hartman,19961005,26,True
Dylan Hood,DylanHood@stafford.net,52006974,1975-08-17,Dylan,Hood,19750817,48,True
Jeffrey Adams II,JeffreyAdams@small.net,18718712,2016-09-14,Jeffrey,AdamsII,20160914,6,False
Barbara Mathis,BarbaraMathis52@cunningham.com,20068528,1972-03-04,Barbara,Mathis,19720304,51,True
Richard Matthews,RichardMatthews@williams.com,22151982,2011-04-16,Richard,Matthews,20110416,12,False
Benjamin Ross DVM,BenjaminRoss@bonilla.com,29764789,1997-12-16,Benjamin,RossDVM,19971216,25,True
Miss Anthony Heath MD,AnthonyHeath@burns.com,33465405,1981-10-29,Miss,AnthonyHeathMD,19811029,41,True
Mathew Robinson,MathewRobinson89@stone.net,11106578,1990-09-15,Mathew,Robinson,19900915,32,True
Abigail Morgan,AbigailMorgan29@george.com,26868004,2006-03-04,Abigail,Morgan,20060304,17,False
Christian Yates,ChristianYates9@miller.com,42762778,1995-05-12,Christian,Yates,19950512,28,True
Sandra Christian,SandraChristian@miller.com,83850635,1989-11-24,Sandra,Christian,19891124,33,True
Tom Brooks,TomBrooks@compton.com,69895479,2001-06-03,Tom,Brooks,20010603,22,True
Michael Garrett,MichaelGarrett10@miller.com,20166506,2019-08-08,Michael,Garrett,20190808,3,False
Danielle Nelson Jr.,DanielleNelson29@mcdonald.com,10139207,1982-01-08,Danielle,NelsonJr,19820108,41,True
Kristina Franklin,KristinaFranklin@townsend.com,93915299,2012-09-15,Kristina,Franklin,20120915,10,False
Tonya Price II,TonyaPrice@kramer-young.com,73108226,1975-12-31,Tonya,PriceII,19751231,47,True
Annette George,AnnetteGeorge29@yates.net,57040139,2002-09-13,Annette,George,20020913,20,True
Dale Haynes,DaleHaynes@yates.net,29199978,1989-04-23,Dale,Haynes,19890423,34,True
Jose Mckinney,JoseMckinney@watson.com,78125602,1994-01-14,Jose,Mckinney,19940114,29,True
Jonathan Weiss,JonathanWeiss99@mcdonald.com,67662801,1971-03-23,Jonathan,Weiss,19710323,52,True
Joshua Stanley,JoshuaStanley96@burns.com,83464613,2009-04-30,Joshua,Stanley,20090430,14,False
Nathaniel Brown Jr.,NathanielBrown10@baker.com,49808146,1989-04-16,Nathaniel,BrownJr,19890416,34,True
Alexander Morse II,AlexanderMorse78@allen-brown.com,42638732,2003-08-01,Alexander,MorseII,20030801,20,True
Samuel Holmes,SamuelHolmes@everett.com,76209728,2017-02-12,Samuel,Holmes,20170212,6,False
Charles Weiss DVM,CharlesWeiss@mcdonald.com,50530305,2023-01-11,Charles,WeissDVM,20230111,0,False
Yolanda Green PhD,YolandaGreen@mcdonald.com,56097678,1987-05-20,Yolanda,GreenPhD,19870520,36,True
Ann Jones DVM,AnnJones100@cunningham.com,42489495,1990-11-15,Ann,JonesDVM,19901115,32,True
David Romero,DavidRomero23@baker.com,56266319,2012-03-15,David,Romero,20120315,11,False
Michelle Smith,MichelleSmith65@briggs.com,39350184,2015-12-13,Michelle,Smith,20151213,7,False
Patricia Crawford,PatriciaCrawford@hebert-ortiz.com,48110075,1979-07-03,Patricia,Crawford,19790703,44,True
Morgan Reilly,MorganReilly@george.com,35933264,1984-01-01,Morgan,Reilly,19840101,39,True
Danielle Weber,DanielleWeber97@hebert-ortiz.com,73377015,1979-10-23,Danielle,Weber,19791023,43,True
Matthew Estrada Jr.,MatthewEstrada14@compton.com,27561770,2008-02-24,Matthew,EstradaJr,20080224,15,False
Teresa Sanchez,TeresaSanchez77@compton.com,11793538,2005-05-12,Teresa,Sanchez,20050512,18,True
Robert Davis,RobertDavis100@hebert-ortiz.com,42656585,1998-07-10,Robert,Davis,19980710,25,True
Terry Morales II,TerryMorales@hernandez.com,20318995,1970-06-06,Terry,MoralesII,19700606,53,True
Stephanie Duran,Mrs.Stephanie@watson.com,33688458,2011-06-25,Stephanie,Duran,20110625,12,False
Jason Spencer DVM,JasonSpencer@barry.com,69874923,1981-07-22,Jason,SpencerDVM,19810722,42,True
Jeffery Haas,JefferyHaas76@ross.com,74553187,1976-06-20,Jeffery,Haas,19760620,47,True
John Allen,JohnAllen@briggs.com,51712108,1981-04-25,John,Allen,19810425,42,True
Justin Wagner,JustinWagner@george.com,54877798,2023-07-16,Justin,Wagner,20230716,0,False
Matthew Leblanc DDS,MatthewLeblanc95@watson.com,24482914,1998-07-03,Matthew,LeblancDDS,19980703,25,True
Melinda Patton,MelindaPatton55@george.com,27591842,2006-12-18,Melinda,Patton,20061218,16,False
Brooke Perez,BrookePerez51@stafford.net,24141017,2021-09-13,Brooke,Perez,20210913,1,False
Brian Sandoval,BrianSandoval13@stone.net,92705332,2016-08-12,Brian,Sandoval,20160812,6,False
Jessica Harper,JessicaHarper45@miller.com,75993835,1975-03-16,Jessica,Harper,19750316,48,True
Bruce Singh DDS,Mr.Bruce12@kramer-young.com,18118499,1979-06-11,Bruce,SinghDDS,19790611,44,True
Alex Pratt,AlexPratt@bridges-myers.com,90097691,1980-07-08,Alex,Pratt,19800708,43,True
Ann White Jr.,AnnWhite65@hernandez.com,83692558,2019-02-19,Ann,WhiteJr,20190219,4,False
Steve Gray,SteveGray@burns.com,89988783,2012-05-13,Steve,Gray,20120513,11,False
Miss Karen Ramirez DVM,MissKaren@bowman-curtis.com,38139759,2004-10-26,Miss,KarenRamirezDVM,20041026,18,True
Eric Ryan PhD,EricRyan23@allen-brown.com,95780968,2007-12-31,Eric,RyanPhD,20071231,15,False
Aaron Barrett Jr.,AaronBarrett@george.com,37612015,1998-09-17,Aaron,BarrettJr,19980917,24,True
Amanda Kirk II,AmandaKirk@burns.com,65334039,2008-10-12,Amanda,KirkII,20081012,14,False
Sandra Hernandez,SandraHernandez@bonilla.com,13197027,2017-08-04,Sandra,Hernandez,20170804,6,False
Keith King,KeithKing@townsend.com,10175072,2002-06-02,Keith,King,20020602,21,True
Alexandra Barnett II,AlexandraBarnett@martinez.com,75328256,1980-05-25,Alexandra,BarnettII,19800525,43,True
Rachael Torres,RachaelTorres56@ross.com,49794756,2015-09-02,Rachael,Torres,20150902,7,False
Christopher Larsen,ChristopherLarsen91@booth-morrison.com,91466607,2023-10-07,Christopher,Larsen,20231007,-1,False
Kenneth Estrada,KennethEstrada89@bonilla.com,10049171,1999-04-28,Kenneth,Estrada,19990428,24,True
Jacqueline Carr DVM,JacquelineCarr75@yates.net,18125030,2013-03-25,Jacqueline,CarrDVM,20130325,10,False
Paul Watson,PaulWatson@everett.com,83300009,1989-03-08,Paul,Watson,19890308,34,True
Rebecca Oconnor,RebeccaOconnor65@bowman-curtis.com,23869984,1980-02-18,Rebecca,Oconnor,19800218,43,True
Robert Johnson,RobertJohnson3@everett.com,84671491,1992-06-15,Robert,Johnson,19920615,31,True
Miss Joseph Dunn,JosephDunn@cunningham.com,62589259,2022-12-08,Miss,JosephDunn,20221208,0,False
Peter Woods PhD,PeterWoods@barry.com,26635076,2016-11-20,Peter,WoodsPhD,20161120,6,False
Robert Randall,RobertRandall98@booth-morrison.com,83331749,2000-02-13,Robert,Randall,20000213,23,True
Nathaniel Duncan,NathanielDuncan@yates.net,90485510,2011-09-22,Nathaniel,Duncan,20110922,11,False
Mary Shaffer,MaryShaffer78@townsend.com,93248573,1998-10-19,Mary,Shaffer,19981019,24,True
Jennifer Camacho,JenniferCamacho@george.com,42938446,1976-12-07,Jennifer,Camacho,19761207,46,True
Michael Parks,MichaelParks@bonilla.com,48281578,2018-06-18,Michael,Parks,20180618,5,False
Carl James,CarlJames@allen-brown.com,70345034,2013-02-25,Carl,James,20130225,10,False
Julia Silva III,JuliaSilva@burns.com,81750960,2000-11-08,Julia,SilvaIII,20001108,22,True
Debbie Guerra,DebbieGuerra@baker.com,82806562,1999-04-08,Debbie,Guerra,19990408,24,True
Joy Hill,JoyHill@bridges-myers.com,67327905,1973-07-06,Joy,Hill,19730706,50,True
Paul Holt III,PaulHolt64@kramer-young.com,86153979,2001-08-18,Paul,HoltIII,20010818,21,True
Angela Strong DDS,AngelaStrong@bowman-curtis.com,55421717,1990-05-20,Angela,StrongDDS,19900520,33,True
Anthony Atkins,AnthonyAtkins5@kramer-young.com,14429058,2013-06-26,Anthony,Atkins,20130626,10,False
Charles Austin,CharlesAustin68@miller.com,74591887,2000-07-19,Charles,Austin,20000719,23,True
Miss  Sarah Walker,Mrs.Sarah@miller.com,81206816,1986-03-23,Miss,SarahWalker,19860323,37,True
Traci Williams,TraciWilliams40@baker.com,32972665,1976-01-08,Traci,Williams,19760108,47,True
Joe Montgomery,JoeMontgomery68@stone.net,49532076,2000-01-07,Joe,Montgomery,20000107,23,True
Daisy Ballard III,DaisyBallard@ross.com,24346324,2017-08-25,Daisy,BallardIII,20170825,5,False
Timothy Peters,TimothyPeters44@george.com,79298030,2016-01-04,Timothy,Peters,20160104,7,False
Lisa Berry,LisaBerry@watson.com,88674345,1997-05-02,Lisa,Berry,19970502,26,True
John Nash DDS,JohnNash85@townsend.com,89985586,1974-05-31,John,NashDDS,19740531,49,True
Melissa Kelley,MelissaKelley72@mcdonald.com,59487580,1985-01-10,Melissa,Kelley,19850110,38,True
Heather Joseph,HeatherJoseph32@mcdonald.com,50146720,1995-04-20,Heather,Joseph,19950420,28,True
Michelle Miller II,MichelleMiller44@stone.net,82185175,1986-10-08,Michelle,MillerII,19861008,36,True
Jennifer Pugh DVM,JenniferPugh@bowman-curtis.com,42075522,1997-08-18,Jennifer,PughDVM,19970818,25,True
Thomas Bullock,ThomasBullock83@bonilla.com,71533516,1976-03-23,Thomas,Bullock,19760323,47,True
Johnathan Medina,JohnathanMedina@bonilla.com,39939292,1978-11-06,Johnathan,Medina,19781106,44,True
Patrick Torres,PatrickTorres71@george.com,14652892,2005-07-27,Patrick,Torres,20050727,18,True
Andrew Shepard,AndrewShepard22@townsend.com,61412847,1985-12-01,Andrew,Shepard,19851201,37,True
Jacob Brown,JacobBrown@kramer-young.com,21053846,1999-03-17,Jacob,Brown,19990317,24,True
Larry Robertson DVM,LarryRobertson30@stone.net,80325031,2003-10-19,Larry,RobertsonDVM,20031019,19,True
Kenneth Hansen,KennethHansen41@townsend.com,14814252,2022-09-30,Kenneth,Hansen,20220930,0,False
Robert Thompson DVM,RobertThompson73@baker.com,52669191,1995-12-01,Robert,ThompsonDVM,19951201,27,True
Charles Robles,CharlesRobles91@martinez.com,32468123,2001-10-27,Charles,Robles,20011027,21,True
David Klein DDS,DavidKlein@bonilla.com,62456304,1991-06-22,David,KleinDDS,19910622,32,True
Amy Flynn,Mrs.Amy57@small.net,62964217,2015-05-01,Amy,Flynn,20150501,8,False
Bryan Reyes MD,BryanReyes@baker.com,86896919,1980-11-07,Bryan,ReyesMD,19801107,42,True
Cynthia Alvarez MD,CynthiaAlvarez9@burns.com,61793686,2017-08-13,Cynthia,AlvarezMD,20170813,5,False
Connie Fry,ConnieFry@burns.com,18890192,2016-12-14,Connie,Fry,20161214,6,False
Mario Frank II,MarioFrank@burns.com,31884494,2001-04-02,Mario,FrankII,20010402,22,True
Zachary Jones,ZacharyJones@kramer-young.com,14436286,1975-04-06,Zachary,Jones,19750406,48,True
Miss Raymond Coleman,RaymondColeman54@mcdonald.com,58756941,1976-12-30,Miss,RaymondColeman,19761230,46,True
Audrey Pearson,AudreyPearson8@bowman-curtis.com,49372843,1977-05-02,Audrey,Pearson,19770502,46,True
Stephen Clarke,StephenClarke61@townsend.com,91176465,2016-05-07,Stephen,Clarke,20160507,7,False
Ryan Nixon,RyanNixon@compton.com,82476774,1987-04-10,Ryan,Nixon,19870410,36,True
Morgan Summers,MorganSummers47@baker.com,58488774,1976-01-15,Morgan,Summers,19760115,47,True
Miss Miguel Harris DDS,MiguelHarris@briggs.com,49568851,1993-10-31,Miss,MiguelHarrisDDS,19931031,29,True
Andrea Mcdaniel Jr.,AndreaMcdaniel81@miller.com,28047251,2009-05-22,Andrea,McdanielJr,20090522,14,False
Jennifer Brown,JenniferBrown75@allen-brown.com,16267240,2001-03-19,Jennifer,Brown,20010319,22,True
Gary Ellis,GaryEllis@kramer-young.com,60565230,1993-02-28,Gary,Ellis,19930228,30,True
Brittney Johnson,BrittneyJohnson@miller.com,32469626,1975-05-18,Brittney,Johnson,19750518,48,True
Jeffrey Hayes III,JeffreyHayes@hebert-ortiz.com,16344167,1979-10-02,Jeffrey,HayesIII,19791002,43,True
Miss John Reid,JohnReid16@townsend.com,49409513,1995-11-21,Miss,JohnReid,19951121,27,True
Abigail Gonzalez,AbigailGonzalez@stafford.net,53941338,1990-03-23,Abigail,Gonzalez,19900323,33,True
Daniel Galvan,DanielGalvan@cunningham.com,59964907,2020-11-05,Daniel,Galvan,20201105,2,False
Devin Johnson III,DevinJohnson@yates.net,28287479,2010-01-15,Devin,JohnsonIII,20100115,13,False
William Gutierrez DDS,WilliamGutierrez@burns.com,26790036,1975-08-05,William,GutierrezDDS,19750805,48,True
Daniel Sanchez,DanielSanchez91@small.net,54940712,2004-04-22,Daniel,Sanchez,20040422,19,True
Adam Clark,AdamClark@russo.com,90314099,1975-03-08,Adam,Clark,19750308,48,True
Michael Wilson,MichaelWilson15@watson.com,66821770,2005-07-23,Michael,Wilson,20050723,18,True
James Aguilar III,JamesAguilar@burns.com,30139741,2015-09-05,James,AguilarIII,20150905,7,False
Stephen Quinn,StephenQuinn@williams.com,66253457,1971-11-29,Stephen,Quinn,19711129,51,True
Gregory Mayer II,GregoryMayer@hebert-ortiz.com,43362594,1976-11-15,Gregory,MayerII,19761115,46,True
Brian Jimenez DVM,BrianJimenez@barry.com,43659712,2005-07-10,Brian,JimenezDVM,20050710,18,True
Noah Gonzalez,NoahGonzalez@hebert-ortiz.com,80353461,2019-08-08,Noah,Gonzalez,20190808,3,False
Erik Jones,ErikJones@williams.com,37115673,1970-07-26,Erik,Jones,19700726,53,True
Kathryn Black MD,KathrynBlack@allen-brown.com,24918010,1996-05-05,Kathryn,BlackMD,19960505,27,True
Mark Wood PhD III,MarkWood@baker.com,23342868,1970-03-18,Mark,WoodPhDIII,19700318,53,True
Shannon Taylor,ShannonTaylor51@allen-brown.com,30205864,1977-08-12,Shannon,Taylor,19770812,46,True
Kirsten Morrison,KirstenMorrison@hebert-ortiz.com,53224332,1994-10-26,Kirsten,Morrison,19941026,28,True
Tracy Moore MD,TracyMoore@yates.net,93654042,1992-01-17,Tracy,MooreMD,19920117,31,True
Anthony David Jr.,AnthonyDavid@hernandez.com,33752435,2004-01-11,Anthony,DavidJr,20040111,19,True
Madeline Carlson,MadelineCarlson@bowman-curtis.com,89622287,1995-05-20,Madeline,Carlson,19950520,28,True
Lauren Griffin,LaurenGriffin81@hernandez.com,60840937,2017-02-16,Lauren,Griffin,20170216,6,False
Shelly Stanley,ShellyStanley1@stafford.net,23697109,1983-07-20,Shelly,Stanley,19830720,40,True
Michelle Holden,MichelleHolden5@george.com,57435952,1974-11-19,Michelle,Holden,19741119,48,True
Andrew Taylor PhD,AndrewTaylor@kramer-young.com,53775638,2023-05-12,Andrew,TaylorPhD,20230512,0,False
Ivan Giles,IvanGiles@bowman-curtis.com,74611121,1980-11-14,Ivan,Giles,19801114,42,True
Jamie Peterson,JamiePeterson40@yates.net,23515392,2014-07-01,Jamie,Peterson,20140701,9,False
Anthony Flores,AnthonyFlores15@kramer-young.com,49306891,1973-09-22,Anthony,Flores,19730922,49,True
Cynthia Parks II,CynthiaParks@everett.com,56822395,1988-06-06,Cynthia,ParksII,19880606,35,True
Mark Stone,MarkStone@bowman-curtis.com,75535574,1990-04-14,Mark,Stone,19900414,33,True
