applicant_name,applicant_email,applicant_mobile,applicant_dob,first_name,last_name,date_of_birth,age,above_18
Danielle Daniels,DanielleDaniels@houston.com,23386434,1973-01-10,Danielle,Daniels,19730110,50,True
Evelyn Ware Jr.,EvelynWare@west-price.com,42435202,1972-12-23,Evelyn,WareJr,19721223,50,True
Matthew Clark PhD,MatthewClark@gardner-dickerson.com,23172514,2023-05-23,Matthew,ClarkPhD,20230523,0,False
Autumn Johnson,AutumnJohnson10@houston.com,56281039,1974-01-16,Autumn,Johnson,19740116,49,True
Jennifer Miller,JenniferMiller30@brown-greene.com,79733291,1988-08-14,Jennifer,Miller,19880814,34,True
Douglas Franklin,DouglasFranklin@potter-perez.com,89085711,1993-08-24,Douglas,Franklin,19930824,29,True
Michael Thompson,MichaelThompson@werner.com,30608721,2022-02-14,Michael,Thompson,20220214,1,False
Timothy Wilson,TimothyWilson12@bradley.com,18063044,1985-10-11,Timothy,Wilson,19851011,37,True
Tamara Kidd,TamaraKidd@hall.com,41003869,1994-02-08,Tamara,Kidd,19940208,29,True
Miss Michael Hawkins,MichaelHawkins90@avery-combs.com,17711145,1988-02-19,Miss,MichaelHawkins,19880219,35,True
Timothy Johnson,TimothyJohnson39@gross-stevens.com,25739515,1996-12-09,Timothy,Johnson,19961209,26,True
Alexander Dalton,AlexanderDalton@carey.com,39573133,1975-05-18,Alexander,Dalton,19750518,48,True
Susan Kim,SusanKim9@guerrero-dunn.com,96414039,1996-01-25,Susan,Kim,19960125,27,True
Ross Lewis,RossLewis@miller.com,92431212,2012-03-05,Ross,Lewis,20120305,11,False
Matthew Lopez Jr.,MatthewLopez@sawyer.com,82711936,1976-12-02,Matthew,LopezJr,19761202,46,True
Daniel Myers,DanielMyers50@houston.com,64685910,1984-03-07,Daniel,Myers,19840307,39,True
Willie Butler III,WillieButler@palmer.com,41943897,1986-03-13,Willie,ButlerIII,19860313,37,True
Donna Ford,DonnaFord@andrews-figueroa.com,28368655,2018-07-24,Donna,Ford,20180724,5,False
Katherine Adams DVM,KatherineAdams58@brown-greene.com,42245056,1998-05-22,Katherine,AdamsDVM,19980522,25,True
Michael Nelson,MichaelNelson81@galloway.com,31056998,2005-11-10,Michael,Nelson,20051110,17,False
Robert Garcia,RobertGarcia@bradley.com,21076267,2022-11-06,Robert,Garcia,20221106,0,False
Brian Williams,BrianWilliams75@howell-smith.com,10164360,2017-02-19,Brian,Williams,20170219,6,False
Isaiah King II,IsaiahKing@hansen.com,20844194,2006-08-04,Isaiah,KingII,20060804,17,False
Tina Wilson II,TinaWilson@miller.com,82100293,1989-04-08,Tina,WilsonII,19890408,34,True
Alicia Clark,AliciaClark10@carey.com,83792602,2014-09-10,Alicia,Clark,20140910,8,False
Jason English,JasonEnglish@gardner-dickerson.com,10057134,1975-12-24,Jason,English,19751224,47,True
Catherine Jordan,CatherineJordan@brewer-jenkins.net,86919937,2018-03-12,Catherine,Jordan,20180312,5,False
Jessica Herrera Jr.,JessicaHerrera60@avery-combs.com,48020592,2012-09-25,Jessica,HerreraJr,20120925,10,False
Tabitha Arnold,TabithaArnold16@mckinney-morales.com,33539575,2015-06-06,Tabitha,Arnold,20150606,8,False
Miss Lee Lewis,LeeLewis96@vega.net,94340048,2020-04-22,Miss,LeeLewis,20200422,3,False
Emily Jackson DDS,EmilyJackson@hall.com,26817058,1987-10-22,Emily,JacksonDDS,19871022,35,True
Renee Mayo,ReneeMayo@potter-perez.com,95970465,2012-02-04,Renee,Mayo,20120204,11,False
Patrick Hammond,PatrickHammond35@brown-greene.com,98673337,2014-03-26,Patrick,Hammond,20140326,9,False
Jessica Sullivan,JessicaSullivan@garcia.com,62485146,1977-04-23,Jessica,Sullivan,19770423,46,True
Kenneth Campbell,KennethCampbell@werner.com,59491733,1992-10-31,Kenneth,Campbell,19921031,30,True
Ashley Robinson DVM,AshleyRobinson89@west-price.com,81702669,2013-04-19,Ashley,RobinsonDVM,20130419,10,False
Kimberly Kent DDS,KimberlyKent@caldwell-perez.com,68367820,1989-10-31,Kimberly,KentDDS,19891031,33,True
Patricia Wyatt,PatriciaWyatt40@avery-combs.com,85167710,1990-04-11,Patricia,Wyatt,19900411,33,True
Shelly Berger DDS,ShellyBerger@bradley.com,30649522,2006-12-23,Shelly,BergerDDS,20061223,16,False
Sherry Miller DVM,SherryMiller@estrada.com,34749874,1971-10-19,Sherry,MillerDVM,19711019,51,True
Amanda Allison,AmandaAllison59@bradley.com,49857794,1973-03-19,Amanda,Allison,19730319,50,True
Tom Wolf,TomWolf@howell-smith.com,76800870,1993-01-16,Tom,Wolf,19930116,30,True
Tracey Wilson PhD,TraceyWilson@houston.com,22661012,2017-03-12,Tracey,WilsonPhD,20170312,6,False
Steven Chung,StevenChung30@hansen.com,80944755,2009-05-14,Steven,Chung,20090514,14,False
Tiffany Jackson PhD,TiffanyJackson76@vega.net,95082959,2002-04-06,Tiffany,JacksonPhD,20020406,21,True
Jeffrey Ochoa Jr.,JeffreyOchoa@bradley.com,40734866,2017-10-28,Jeffrey,OchoaJr,20171028,5,False
Lawrence Hinton III,LawrenceHinton84@carey.com,36396842,2001-06-07,Lawrence,HintonIII,20010607,22,True
Shannon Stephens,ShannonStephens@houston.com,83242373,2022-11-12,Shannon,Stephens,20221112,0,False
Brian Hopkins PhD,BrianHopkins@sawyer.com,58340308,1977-03-17,Brian,HopkinsPhD,19770317,46,True
Miss Kevin Simon,KevinSimon@cunningham.com,58114451,1976-08-09,Miss,KevinSimon,19760809,47,True
Crystal Gutierrez,CrystalGutierrez@avery-combs.com,56775332,2000-06-07,Crystal,Gutierrez,20000607,23,True
Suzanne Hayes DDS,SuzanneHayes@bradley.com,76108761,2010-05-25,Suzanne,HayesDDS,20100525,13,False
Jennifer Torres DDS,JenniferTorres55@hansen.com,60622293,2021-10-13,Jennifer,TorresDDS,20211013,1,False
Miss Kristin Manning,KristinManning56@gross-stevens.com,58355374,2021-06-27,Miss,KristinManning,20210627,2,False
John Jones,JohnJones@guerrero-dunn.com,50042132,1977-12-25,John,Jones,19771225,45,True
Timothy Keller,TimothyKeller14@mckinney-morales.com,22632202,1988-02-05,Timothy,Keller,19880205,35,True
Anthony Hoffman III,AnthonyHoffman66@potter-perez.com,77816975,2021-09-29,Anthony,HoffmanIII,20210929,1,False
Kim Lewis PhD,KimLewis87@gardner-dickerson.com,59834620,2008-12-13,Kim,LewisPhD,20081213,14,False
Kenneth Brown II,KennethBrown@garcia.com,93652489,2022-05-14,Kenneth,BrownII,20220514,1,False
Steven Holland,StevenHolland18@carlson-lynch.net,44027977,1990-09-28,Steven,Holland,19900928,32,True
Lisa Carpenter,LisaCarpenter33@potter-perez.com,10140515,1984-01-06,Lisa,Carpenter,19840106,39,True
Natasha Anderson,NatashaAnderson@howell-smith.com,18732309,1972-10-05,Natasha,Anderson,19721005,50,True
Rebecca Wilson,RebeccaWilson89@guerrero-dunn.com,13846464,2015-02-01,Rebecca,Wilson,20150201,8,False
Lisa Copeland MD,LisaCopeland@west-price.com,66499393,1982-01-17,Lisa,CopelandMD,19820117,41,True
Danielle Gill PhD,DanielleGill@guerrero-dunn.com,59152674,1981-10-06,Danielle,GillPhD,19811006,41,True
Alexis Hammond,AlexisHammond62@garcia.com,59231324,2023-06-18,Alexis,Hammond,20230618,0,False
Pamela Rosales,PamelaRosales42@hall.com,19407263,2012-01-01,Pamela,Rosales,20120101,11,False
Whitney Garcia,WhitneyGarcia49@sanchez.com,88623618,1989-07-06,Whitney,Garcia,19890706,34,True
Mia Fritz,MiaFritz24@brewer-jenkins.net,15375450,2003-07-22,Mia,Fritz,20030722,20,True
Meredith Yu Jr.,MeredithYu@howell-smith.com,49637555,2020-05-12,Meredith,YuJr,20200512,3,False
John Ford Jr.,JohnFord94@cunningham.com,54392444,1972-01-24,John,FordJr,19720124,51,True
Wesley Schaefer II,WesleySchaefer50@brown-greene.com,42794445,2023-11-07,Wesley,SchaeferII,20231107,-1,False
Kathy Johnston,KathyJohnston87@sanchez.com,56744857,1974-03-15,Kathy,Johnston,19740315,49,True
Shannon Ortiz,ShannonOrtiz@sanchez.com,23765169,2010-02-28,Shannon,Ortiz,20100228,13,False
Dana Weber,DanaWeber@avery-combs.com,18646161,1994-05-17,Dana,Weber,19940517,29,True
Patricia Tran,PatriciaTran@mckinney-morales.com,16669990,2003-05-08,Patricia,Tran,20030508,20,True
Dorothy Thomas,DorothyThomas8@palmer.com,32518660,1983-04-15,Dorothy,Thomas,19830415,40,True
John Mills,JohnMills@west-price.com,13028268,2022-07-27,John,Mills,20220727,1,False
Nicole Wilcox,NicoleWilcox@howell-smith.com,86954335,2022-02-21,Nicole,Wilcox,20220221,1,False
James Gray,JamesGray@howell-smith.com,52733620,2012-08-22,James,Gray,20120822,10,False
Elizabeth Norton,ElizabethNorton@allen-jordan.com,11932946,2015-12-31,Elizabeth,Norton,20151231,7,False
Douglas Stone DDS,DouglasStone@sawyer.com,61579277,2008-07-07,Douglas,StoneDDS,20080707,15,False
John Hunt,JohnHunt83@potter-perez.com,65765411,1979-01-05,John,Hunt,19790105,44,True
Mary Owen DDS,MaryOwen59@jackson.com,69187471,2011-04-28,Mary,OwenDDS,20110428,12,False
Michael Paul DVM,MichaelPaul@werner.com,68982737,1979-10-15,Michael,PaulDVM,19791015,43,True
Alexander White III,AlexanderWhite100@gross-stevens.com,70280404,2009-05-23,Alexander,WhiteIII,20090523,14,False
Benjamin Hughes DDS,BenjaminHughes31@sanchez.com,94532674,1981-09-07,Benjamin,HughesDDS,19810907,41,True
Kevin Hill,KevinHill@gross-stevens.com,37358812,2019-08-18,Kevin,Hill,20190818,3,False
Christine Johnson,ChristineJohnson@mckinney-morales.com,85787873,1971-09-19,Christine,Johnson,19710919,51,True
Mark Mills,MarkMills@carey.com,19859459,1986-01-05,Mark,Mills,19860105,37,True
Shane Owens PhD,ShaneOwens@carey.com,53649758,2008-05-19,Shane,OwensPhD,20080519,15,False
Miss Samantha Kemp DDS,SamanthaKemp@garcia.com,65165407,1970-12-22,Miss,SamanthaKempDDS,19701222,52,True
Maria Cantrell,MariaCantrell2@mckinney-morales.com,12990648,1998-06-12,Maria,Cantrell,19980612,25,True
Tammy Proctor DVM,TammyProctor@garcia.com,90346504,2017-11-26,Tammy,ProctorDVM,20171126,5,False
Jeffrey Walker,JeffreyWalker75@brewer-jenkins.net,63405402,1978-12-21,Jeffrey,Walker,19781221,44,True
Barbara Marks,BarbaraMarks@houston.com,14528612,1991-11-06,Barbara,Marks,19911106,31,True
Taylor Gutierrez,TaylorGutierrez@gardner-dickerson.com,94365147,2015-07-09,Taylor,Gutierrez,20150709,8,False
Jose Gross,JoseGross@houston.com,23920510,2008-08-14,Jose,Gross,20080814,14,False
Deborah Jacobs,DeborahJacobs31@hansen.com,89875058,1993-04-19,Deborah,Jacobs,19930419,30,True
Jennifer Ewing,JenniferEwing2@gardner-dickerson.com,40984320,2012-08-02,Jennifer,Ewing,20120802,11,False
Colin Eaton MD,ColinEaton@garcia.com,65363836,2019-08-25,Colin,EatonMD,20190825,3,False
Matthew Craig Jr.,MatthewCraig@gross-stevens.com,25876098,2014-08-21,Matthew,CraigJr,20140821,8,False
Adrienne Silva,AdrienneSilva71@potter-perez.com,64366637,2017-03-05,Adrienne,Silva,20170305,6,False
Maria Gonzalez,MariaGonzalez37@allen-jordan.com,57964747,2017-11-26,Maria,Gonzalez,20171126,5,False
Sean Newton,SeanNewton@gross-stevens.com,21237286,2023-04-15,Sean,Newton,20230415,0,False
Teresa Thomas MD,TeresaThomas@mckinney-morales.com,70953489,2006-09-30,Teresa,ThomasMD,20060930,16,False
Kenneth Atkinson,KennethAtkinson@brown-greene.com,41329087,2009-08-18,Kenneth,Atkinson,20090818,13,False
Brian Edwards,BrianEdwards@brown-greene.com,78239767,1978-04-08,Brian,Edwards,19780408,45,True
Samantha Conley,SamanthaConley2@carey.com,33309199,1973-01-04,Samantha,Conley,19730104,50,True
Justin Webb II,JustinWebb@palmer.com,63940092,1971-08-30,Justin,WebbII,19710830,51,True
Valerie Franklin,ValerieFranklin@sanchez.com,56143489,1997-01-30,Valerie,Franklin,19970130,26,True
Nicholas Krueger,NicholasKrueger@hall.com,47001092,2003-11-11,Nicholas,Krueger,20031111,19,True
Miss Daniel Grimes DDS,DanielGrimes@howell-smith.com,83966446,2013-02-19,Miss,DanielGrimesDDS,20130219,10,False
Kevin Adams,KevinAdams@carlson-lynch.net,92031367,2009-03-02,Kevin,Adams,20090302,14,False
Gina Levy PhD,GinaLevy75@carey.com,32848215,1994-04-11,Gina,LevyPhD,19940411,29,True
David Allen II,DavidAllen@caldwell-perez.com,72203720,1989-06-15,David,AllenII,19890615,34,True
Marc Gonzales MD,MarcGonzales@howell-smith.com,96696003,2016-11-26,Marc,GonzalesMD,20161126,6,False
Marcus Carroll,MarcusCarroll10@jackson.com,75964346,1995-12-31,Marcus,Carroll,19951231,27,True
William Hunt,WilliamHunt50@cunningham.com,89336970,1975-11-24,William,Hunt,19751124,47,True
Samuel Moss III,SamuelMoss@werner.com,57123053,2000-01-14,Samuel,MossIII,20000114,23,True
Theresa Reyes DDS,TheresaReyes@gardner-dickerson.com,31758687,1988-06-13,Theresa,ReyesDDS,19880613,35,True
James Doyle MD,JamesDoyle@brewer-jenkins.net,72969275,1971-04-10,James,DoyleMD,19710410,52,True
Terry Jones PhD,TerryJones@jackson.com,92634299,1970-06-08,Terry,JonesPhD,19700608,53,True
Michelle Neal,MichelleNeal@houston.com,84461975,1997-03-21,Michelle,Neal,19970321,26,True
Miss Christine Price,ChristinePrice84@werner.com,25472838,1980-07-19,Miss,ChristinePrice,19800719,43,True
Amy Crawford,AmyCrawford33@houston.com,40339552,2008-03-28,Amy,Crawford,20080328,15,False
Jason Kennedy DVM,JasonKennedy@estrada.com,98498647,2014-02-03,Jason,KennedyDVM,20140203,9,False
Carl Gomez,CarlGomez@brown-greene.com,38209601,1984-03-17,Carl,Gomez,19840317,39,True
Hannah Stokes PhD,HannahStokes@cunningham.com,74151433,2007-08-30,Hannah,StokesPhD,20070830,15,False
Lori Pearson,LoriPearson15@gardner-dickerson.com,10223216,1997-07-11,Lori,Pearson,19970711,26,True
Angela Smith,AngelaSmith6@werner.com,58841743,2003-11-04,Angela,Smith,20031104,19,True
Michelle Joyce,MichelleJoyce47@hansen.com,94761563,2001-04-22,Michelle,Joyce,20010422,22,True
Stephen Bowman,StephenBowman39@guerrero-dunn.com,60199565,1992-05-17,Stephen,Bowman,19920517,31,True
Carrie Padilla,CarriePadilla7@gardner-dickerson.com,88777631,2011-03-24,Carrie,Padilla,20110324,12,False
Samantha Warner PhD,SamanthaWarner66@palmer.com,48723336,1988-06-09,Samantha,WarnerPhD,19880609,35,True
Miss Lauren Butler DVM,LaurenButler@allen-jordan.com,75000988,1981-06-01,Miss,LaurenButlerDVM,19810601,42,True
Derrick George,DerrickGeorge43@mckinney-morales.com,64616454,1987-12-03,Derrick,George,19871203,35,True
Crystal Walker,CrystalWalker84@hall.com,48477010,1990-07-04,Crystal,Walker,19900704,33,True
Rachael Baldwin,RachaelBaldwin88@brewer-jenkins.net,95039766,2010-10-17,Rachael,Baldwin,20101017,12,False
Erica Cole,EricaCole@bradley.com,97159717,1975-02-12,Erica,Cole,19750212,48,True
Johnny Johnson,JohnnyJohnson55@miller.com,58109564,2003-01-23,Johnny,Johnson,20030123,20,True
William Graham,WilliamGraham48@gross-stevens.com,47196619,1979-11-13,William,Graham,19791113,43,True
Michelle Goodman,MichelleGoodman@carey.com,36563759,1995-04-22,Michelle,Goodman,19950422,28,True
Amanda Gilbert,AmandaGilbert11@allen-jordan.com,94338774,1995-07-14,Amanda,Gilbert,19950714,28,True
Traci Hubbard,TraciHubbard@bradley.com,11393773,2002-02-06,Traci,Hubbard,20020206,21,True
Gary Jackson,GaryJackson57@caldwell-perez.com,87206663,1990-06-07,Gary,Jackson,19900607,33,True
Judith Carroll,JudithCarroll23@vega.net,16827185,1989-01-01,Judith,Carroll,19890101,34,True
Caitlin Salas II,CaitlinSalas@vega.net,31572575,1972-12-09,Caitlin,SalasII,19721209,50,True
Ryan Hoover DDS,RyanHoover@gross-stevens.com,33114135,2008-12-07,Ryan,HooverDDS,20081207,14,False
Michael Spears,MichaelSpears15@allen-jordan.com,88145962,1984-08-27,Michael,Spears,19840827,38,True
Melissa Hall,MelissaHall8@gardner-dickerson.com,29860613,1976-02-28,Melissa,Hall,19760228,47,True
Mindy Davis PhD,MindyDavis@guerrero-dunn.com,98095295,2015-11-12,Mindy,DavisPhD,20151112,7,False
Craig Simpson MD,CraigSimpson@vega.net,80675862,2001-11-20,Craig,SimpsonMD,20011120,21,True
Jody Bailey PhD,JodyBailey@jackson.com,22652023,2006-04-01,Jody,BaileyPhD,20060401,17,False
Amanda Williams DVM,AmandaWilliams20@hansen.com,30058609,2022-04-08,Amanda,WilliamsDVM,20220408,1,False
Brian Robinson,BrianRobinson30@palmer.com,36385627,1994-12-22,Brian,Robinson,19941222,28,True
Brandon Crawford,BrandonCrawford@carlson-lynch.net,54077680,1976-01-11,Brandon,Crawford,19760111,47,True
Lauren Anderson DDS,LaurenAnderson8@palmer.com,60728182,2018-02-13,Lauren,AndersonDDS,20180213,5,False
Ruben Williams,RubenWilliams91@potter-perez.com,63223086,1992-07-21,Ruben,Williams,19920721,31,True
Alyssa Oliver III,AlyssaOliver@hansen.com,87208654,1989-10-06,Alyssa,OliverIII,19891006,33,True
Zachary Patterson DDS,ZacharyPatterson@caldwell-perez.com,55145106,1990-10-27,Zachary,PattersonDDS,19901027,32,True
Dylan Moore II,DylanMoore@jackson.com,57008992,1973-02-06,Dylan,MooreII,19730206,50,True
Kathleen Fletcher PhD,KathleenFletcher@carey.com,66014193,1996-07-15,Kathleen,FletcherPhD,19960715,27,True
Kevin Hopkins,KevinHopkins@palmer.com,97584033,1990-10-30,Kevin,Hopkins,19901030,32,True
Miss Angela Stephens,AngelaStephens55@gross-stevens.com,75989804,1981-08-23,Miss,AngelaStephens,19810823,41,True
Kenneth Blair DVM,KennethBlair@howell-smith.com,78834082,1986-07-27,Kenneth,BlairDVM,19860727,37,True
Russell Garcia,RussellGarcia55@phillips.com,31526635,2002-05-23,Russell,Garcia,20020523,21,True
Corey Rogers DDS,Mr.Corey@bradley.com,36896347,2005-12-01,Corey,RogersDDS,20051201,17,False
Jeffery Singleton Jr.,JefferySingleton@west-price.com,99232996,1977-11-21,Jeffery,SingletonJr,19771121,45,True
Cynthia Bryant,CynthiaBryant59@howell-smith.com,26114138,1977-10-02,Cynthia,Bryant,19771002,45,True
Matthew Moyer MD,MatthewMoyer@brewer-jenkins.net,24515039,1994-07-15,Matthew,MoyerMD,19940715,29,True
Joseph Curtis PhD,JosephCurtis@jackson.com,67568612,1984-02-16,Joseph,CurtisPhD,19840216,39,True
Meghan Maldonado,MeghanMaldonado@gardner-dickerson.com,32871362,1970-04-29,Meghan,Maldonado,19700429,53,True
Luke Morales,LukeMorales68@bradley.com,44798488,1994-05-07,Luke,Morales,19940507,29,True
Wayne Thompson,WayneThompson39@carey.com,30832517,1991-08-11,Wayne,Thompson,19910811,32,True
Samantha Sharp,SamanthaSharp49@west-price.com,36185189,2020-07-02,Samantha,Sharp,20200702,3,False
Angela Zavala DVM,AngelaZavala@werner.com,83814849,2016-06-16,Angela,ZavalaDVM,20160616,7,False
Rebecca Marsh Jr.,RebeccaMarsh@hansen.com,95430149,1987-04-07,Rebecca,MarshJr,19870407,36,True
Paul Tyler,PaulTyler@howell-smith.com,47498524,1989-05-28,Paul,Tyler,19890528,34,True
Miss Jonathan Espinoza,JonathanEspinoza@sanchez.com,91662647,2017-07-19,Miss,JonathanEspinoza,20170719,6,False
Victoria Martinez III,VictoriaMartinez@vega.net,50330597,1998-11-18,Victoria,MartinezIII,19981118,24,True
Kristen Perez Jr.,KristenPerez@jackson.com,76199846,1979-05-09,Kristen,PerezJr,19790509,44,True
Patrick Castillo,PatrickCastillo@avery-combs.com,19925506,1972-01-07,Patrick,Castillo,19720107,51,True
Clayton Eaton DVM,ClaytonEaton@galloway.com,86534757,2005-07-22,Clayton,EatonDVM,20050722,18,True
Tamara Brewer,TamaraBrewer@brown-greene.com,83531818,2011-08-07,Tamara,Brewer,20110807,12,False
Cindy Delgado DVM,CindyDelgado@jackson.com,44644746,2008-06-02,Cindy,DelgadoDVM,20080602,15,False
Shane Franklin,ShaneFranklin31@cunningham.com,74606795,1977-12-02,Shane,Franklin,19771202,45,True
Cynthia Erickson,CynthiaErickson@andrews-figueroa.com,75715437,2005-06-09,Cynthia,Erickson,20050609,18,True
Alexander Wade,AlexanderWade50@hansen.com,55151513,2005-11-07,Alexander,Wade,20051107,17,False
Amy Morgan,AmyMorgan@potter-perez.com,80341637,2019-07-31,Amy,Morgan,20190731,4,False
Deborah Williams,DeborahWilliams@carey.com,99243403,1978-05-01,Deborah,Williams,19780501,45,True
Richard Skinner,RichardSkinner68@houston.com,36190413,1993-01-19,Richard,Skinner,19930119,30,True
Charles Price Jr.,CharlesPrice@houston.com,57989650,2004-08-25,Charles,PriceJr,20040825,18,True
Miss Gabrielle Wheeler,GabrielleWheeler@potter-perez.com,59939986,2011-12-30,Miss,GabrielleWheeler,20111230,11,False
Crystal Armstrong,CrystalArmstrong@hansen.com,30476506,1994-06-06,Crystal,Armstrong,19940606,29,True
Lindsey Deleon,LindseyDeleon55@palmer.com,15239388,2003-09-22,Lindsey,Deleon,20030922,19,True
Craig Jimenez MD,CraigJimenez@guerrero-dunn.com,22092946,1974-10-09,Craig,JimenezMD,19741009,48,True
Maria Murray,MariaMurray33@allen-jordan.com,93114330,1971-01-31,Maria,Murray,19710131,52,True
Rebecca Bailey,RebeccaBailey31@howell-smith.com,65363545,2007-07-02,Rebecca,Bailey,20070702,16,False
Dawn Norton DDS,DawnNorton@miller.com,48266960,2008-11-16,Dawn,NortonDDS,20081116,14,False
Willie May,WillieMay@carey.com,37640069,2020-12-25,Willie,May,20201225,2,False
Anthony Smith,AnthonySmith@sanchez.com,82803831,2022-09-05,Anthony,Smith,20220905,0,False
Amanda Thompson MD,AmandaThompson87@brewer-jenkins.net,85598332,1991-11-09,Amanda,ThompsonMD,19911109,31,True
Carrie Herrera,CarrieHerrera20@hansen.com,91362805,1999-02-19,Carrie,Herrera,19990219,24,True
Elizabeth Johnson DDS,ElizabethJohnson@phillips.com,75532181,1975-05-28,Elizabeth,JohnsonDDS,19750528,48,True
Timothy Baldwin DDS,TimothyBaldwin65@sanchez.com,49725086,2006-06-02,Timothy,BaldwinDDS,20060602,17,False
David Mcconnell,DavidMcconnell47@jackson.com,97534594,2013-11-26,David,Mcconnell,20131126,9,False
Craig Anderson,CraigAnderson23@miller.com,52183026,1972-04-23,Craig,Anderson,19720423,51,True
Elizabeth Meyer,ElizabethMeyer33@allen-jordan.com,11438049,1981-02-02,Elizabeth,Meyer,19810202,42,True
Larry Johnston,LarryJohnston63@estrada.com,91869719,2015-03-12,Larry,Johnston,20150312,8,False
Brian White,Dr.Brian16@sawyer.com,44269466,1988-03-04,Brian,White,19880304,35,True
Calvin Boyd,CalvinBoyd@hall.com,97619288,1977-10-15,Calvin,Boyd,19771015,45,True
