first_name,last_name,date_of_birth,above_18,Membership_ID
Willie,Richard,20020506,True,Richard_fd66d
Bryan,RobertsJr,19930108,True,RobertsJr_ed31f
Jeanette,GarciaJr,19870915,True,GarciaJr_0cd56
Amy,GutierrezMD,19720224,True,GutierrezMD_0ce90
Donna,Gray,20020927,True,Gray_b0dec
Annette,Garcia,19920206,True,Garcia_b0aa6
Kyle,Pacheco,19940730,True,Pacheco_5acc9
Miss,CrystalJohnson,20020320,True,CrystalJohnson_90d4a
Christine,Cooley,19840906,True,Cooley_f3ddd
Erik,Johns,19970724,True,Johns_66302
Vanessa,Hunter,20041221,True,Hunter_c9210
Marissa,Torres,20050624,True,Torres_d2731
Brian,DouglasDVM,19770308,True,DouglasDVM_e7418
Daniel,CurtisJr,19920118,True,CurtisJr_cd293
Melissa,JohnsonDDS,19870531,True,JohnsonDDS_f3ff4
Felicia,JonesPhD,19701011,True,JonesPhD_2717e
Ryan,FordJr,19881210,True,FordJr_5a0c0
Maurice,Gonzalez,19910320,True,Gonzalez_dfda1
Dean,MullenII,19760617,True,MullenII_10d9c
Miss,JenniferGibson,19931116,True,JenniferGibson_00376
Diana,Chan,19891008,True,Chan_1dd69
Samantha,KirkDVM,19800518,True,KirkDVM_44e2e
Brandy,Green,19921119,True,Green_00181
Kevin,Hunter,20030622,True,Hunter_c186d
Jessica,NovakJr,19810109,True,NovakJr_64192
Alexander,Guerra,19710131,True,Guerra_26e98
John,Clark,20011110,True,Clark_e5604
Cynthia,GreenPhD,19751020,True,GreenPhD_c96b7
Sherry,ShawMD,19920727,True,ShawMD_4ebc5
Matthew,Martin,19931128,True,Martin_2e2f5
Christine,Hays,19921111,True,Hays_66073
Jessica,BrownDVM,19711116,True,BrownDVM_38025
Christine,Rice,19730314,True,Rice_345f8
Katherine,BrownDDS,19790901,True,BrownDDS_8bc4d
Stephanie,SmithIII,19880321,True,SmithIII_1f441
Michael,Gentry,20040123,True,Gentry_6f4b0
Patricia,Olson,19740518,True,Olson_85ed9
Matthew,Hartman,19961005,True,Hartman_ea169
Dylan,Hood,19750817,True,Hood_f6bc6
Barbara,Mathis,19720304,True,Mathis_8cf50
Benjamin,RossDVM,19971216,True,RossDVM_024d9
Miss,AnthonyHeathMD,19811029,True,AnthonyHeathMD_e477d
Mathew,Robinson,19900915,True,Robinson_1a28d
Christian,Yates,19950512,True,Yates_a22eb
Sandra,Christian,19891124,True,Christian_852c2
Tom,Brooks,20010603,True,Brooks_9a87f
Danielle,NelsonJr,19820108,True,NelsonJr_3d489
Tonya,PriceII,19751231,True,PriceII_071ae
Annette,George,20020913,True,George_90927
Dale,Haynes,19890423,True,Haynes_cf190
Jose,Mckinney,19940114,True,Mckinney_18c16
Jonathan,Weiss,19710323,True,Weiss_94269
Nathaniel,BrownJr,19890416,True,BrownJr_32741
Alexander,MorseII,20030801,True,MorseII_c7640
Yolanda,GreenPhD,19870520,True,GreenPhD_4fdab
Ann,JonesDVM,19901115,True,JonesDVM_f76b5
Patricia,Crawford,19790703,True,Crawford_a655d
Morgan,Reilly,19840101,True,Reilly_ab6d3
Danielle,Weber,19791023,True,Weber_0f2cc
Teresa,Sanchez,20050512,True,Sanchez_f1b67
Robert,Davis,19980710,True,Davis_8ad1c
Terry,MoralesII,19700606,True,MoralesII_e44e2
Jason,SpencerDVM,19810722,True,SpencerDVM_24335
Jeffery,Haas,19760620,True,Haas_39a40
John,Allen,19810425,True,Allen_a197b
Matthew,LeblancDDS,19980703,True,LeblancDDS_85230
Jessica,Harper,19750316,True,Harper_9bf4d
Bruce,SinghDDS,19790611,True,SinghDDS_d92ec
Alex,Pratt,19800708,True,Pratt_fef24
Miss,KarenRamirezDVM,20041026,True,KarenRamirezDVM_004dd
Aaron,BarrettJr,19980917,True,BarrettJr_57096
Keith,King,20020602,True,King_b8d45
Alexandra,BarnettII,19800525,True,BarnettII_67208
Kenneth,Estrada,19990428,True,Estrada_72f3d
Paul,Watson,19890308,True,Watson_d8b96
Rebecca,Oconnor,19800218,True,Oconnor_8470b
Robert,Johnson,19920615,True,Johnson_8b62d
Robert,Randall,20000213,True,Randall_aabae
Mary,Shaffer,19981019,True,Shaffer_582f0
Jennifer,Camacho,19761207,True,Camacho_706da
Julia,SilvaIII,20001108,True,SilvaIII_62176
Debbie,Guerra,19990408,True,Guerra_ad90a
Joy,Hill,19730706,True,Hill_5c4d8
Paul,HoltIII,20010818,True,HoltIII_6355a
Angela,StrongDDS,19900520,True,StrongDDS_3a2d2
Charles,Austin,20000719,True,Austin_b2ef4
Miss,SarahWalker,19860323,True,SarahWalker_36437
Traci,Williams,19760108,True,Williams_f9b0c
Joe,Montgomery,20000107,True,Montgomery_48ba3
Lisa,Berry,19970502,True,Berry_7f832
John,NashDDS,19740531,True,NashDDS_17f5d
Melissa,Kelley,19850110,True,Kelley_62bfc
Heather,Joseph,19950420,True,Joseph_93ba2
Michelle,MillerII,19861008,True,MillerII_b2815
Jennifer,PughDVM,19970818,True,PughDVM_d3922
Thomas,Bullock,19760323,True,Bullock_39010
Johnathan,Medina,19781106,True,Medina_fa2d3
Patrick,Torres,20050727,True,Torres_1aeca
Andrew,Shepard,19851201,True,Shepard_aeca1
Jacob,Brown,19990317,True,Brown_172df
Larry,RobertsonDVM,20031019,True,RobertsonDVM_40c08
Robert,ThompsonDVM,19951201,True,ThompsonDVM_cb2fb
Charles,Robles,20011027,True,Robles_9b0d6
David,KleinDDS,19910622,True,KleinDDS_67f27
Bryan,ReyesMD,19801107,True,ReyesMD_24012
Mario,FrankII,20010402,True,FrankII_cb0da
Zachary,Jones,19750406,True,Jones_21c49
Miss,RaymondColeman,19761230,True,RaymondColeman_98492
Audrey,Pearson,19770502,True,Pearson_9ee6e
Ryan,Nixon,19870410,True,Nixon_aa7ee
Morgan,Summers,19760115,True,Summers_dabff
Miss,MiguelHarrisDDS,19931031,True,MiguelHarrisDDS_a7b22
Jennifer,Brown,20010319,True,Brown_3d3ce
Gary,Ellis,19930228,True,Ellis_ec86a
Brittney,Johnson,19750518,True,Johnson_5b18f
Jeffrey,HayesIII,19791002,True,HayesIII_d44c6
Miss,JohnReid,19951121,True,JohnReid_396f9
Abigail,Gonzalez,19900323,True,Gonzalez_2360e
William,GutierrezDDS,19750805,True,GutierrezDDS_c8f4f
Daniel,Sanchez,20040422,True,Sanchez_00b6e
Adam,Clark,19750308,True,Clark_398d8
Michael,Wilson,20050723,True,Wilson_cd5d6
Stephen,Quinn,19711129,True,Quinn_08e1d
Gregory,MayerII,19761115,True,MayerII_de563
Brian,JimenezDVM,20050710,True,JimenezDVM_8ed7a
Erik,Jones,19700726,True,Jones_b417a
Kathryn,BlackMD,19960505,True,BlackMD_96eac
Mark,WoodPhDIII,19700318,True,WoodPhDIII_70717
Shannon,Taylor,19770812,True,Taylor_cefba
Kirsten,Morrison,19941026,True,Morrison_8caea
Tracy,MooreMD,19920117,True,MooreMD_37340
Anthony,DavidJr,20040111,True,DavidJr_4bfaa
Madeline,Carlson,19950520,True,Carlson_7fd69
Shelly,Stanley,19830720,True,Stanley_ee5de
Michelle,Holden,19741119,True,Holden_d3043
Ivan,Giles,19801114,True,Giles_25d6f
Anthony,Flores,19730922,True,Flores_431df
Cynthia,ParksII,19880606,True,ParksII_28a00
Mark,Stone,19900414,True,Stone_05429
