first_name,last_name,date_of_birth,above_18,Membership_ID
Zi,XiangLim,19990616,True,XiangLim_0b861
tan,kanmin,19940607,True,kanmin_7ddb2
Jerry,TerryDVM,19840628,True,TerryDVM_5b78c
Anita,Harrison,19870630,True,Harrison_bc9cb
Antonio,Nguyen,19750921,True,Nguyen_f6902
Dustin,VargasIII,19910829,True,VargasIII_0df4d
Michael,Crawford,19800417,True,Crawford_fe072
Kevin,HaleyDVM,20010216,True,HaleyDVM_ad2e2
Charles,Mcintyre,19700822,True,Mcintyre_fbd71
Kevin,Williams,19981002,True,Williams_dbdaf
Alicia,Mcclain,19830620,True,Mcclain_cf302
Dominique,HerreraDVM,19750929,True,HerreraDVM_014e6
Jennifer,Sanders,19991215,True,Sanders_d0a7d
Shannon,RamosIII,19780323,True,RamosIII_525d3
Amy,Pena,19980918,True,Pena_2772e
Thomas,MorrisonPhD,20030511,True,MorrisonPhD_a7c97
Alexander,MorrisonDDS,19710619,True,MorrisonDDS_10df6
Jeffrey,Flores,19730106,True,Flores_aa69b
Benjamin,Silva,19831101,True,Silva_94c5a
William,Ramirez,19900323,True,Ramirez_2360e
Donna,Thornton,19970823,True,Thornton_bdf84
John,Crawford,19720328,True,Crawford_317e0
April,Sullivan,19720309,True,Sullivan_76d3c
Julie,Moon,19760828,True,Moon_5243c
Manuel,Ramirez,19731108,True,Ramirez_f603e
Nicholas,Coleman,19800615,True,Coleman_8aea8
Robert,Fox,19960426,True,Fox_6d9bc
Nicholas,Green,19751109,True,Green_deb09
Wesley,Johnson,19840601,True,Johnson_94838
Mary,Smith,19850503,True,Smith_0b473
Robert,Mendoza,19760229,True,Mendoza_fc228
Miss,LoriWeaver,19821113,True,LoriWeaver_7b40d
Dwayne,LarsonDDS,19950211,True,LarsonDDS_4f1e6
Christopher,Craig,19720805,True,Craig_0d017
Alexander,MurilloII,19990705,True,MurilloII_bb219
David,McgeeII,19831102,True,McgeeII_46c97
Donna,Alvarado,19870512,True,Alvarado_585c8
Bruce,AllenII,19941110,True,AllenII_b5a01
Melanie,Coffey,19951022,True,Coffey_a9471
Samantha,Allen,20040329,True,Allen_104ef
Raymond,Anderson,20050410,True,Anderson_dfc4e
Amanda,AndersonDDS,19780226,True,AndersonDDS_ebee7
Veronica,Gilmore,19860209,True,Gilmore_99f82
Christine,Boyd,19861218,True,Boyd_11b85
Michele,BrownIII,19860901,True,BrownIII_9127e
Scott,RodriguezJr,19780909,True,RodriguezJr_3548c
Tracy,Hunt,19870205,True,Hunt_93cff
Kenneth,YoungDVM,19830304,True,YoungDVM_b2f5f
Julie,GardnerDVM,19900920,True,GardnerDVM_44a48
Juan,Davenport,19930520,True,Davenport_fb7a5
William,RamosII,20041008,True,RamosII_7be6d
Steven,MillerIII,19760614,True,MillerIII_d9ff1
Diana,Levy,19921024,True,Levy_04311
Donna,Rodriguez,19850927,True,Rodriguez_5789f
Melissa,LewisDVM,19910216,True,LewisDVM_7cd93
Bethany,WheelerDVM,19830321,True,WheelerDVM_c2858
John,Lopez,19740124,True,Lopez_a7c33
William,ColemanPhD,19981213,True,ColemanPhD_de13d
Christine,Howard,20000803,True,Howard_510e2
Hunter,GarciaDDS,19761208,True,GarciaDDS_b84af
Tonya,SalazarMD,19900612,True,SalazarMD_13d09
Mary,Middleton,19820907,True,Middleton_a7d45
Rhonda,Wiggins,19731202,True,Wiggins_7049a
Miss,BrandiMeza,19771227,True,BrandiMeza_a8483
Nancy,Stephenson,19821027,True,Stephenson_43086
Scott,Wall,19810404,True,Wall_15ff4
Brittany,Price,19790228,True,Price_17898
Jeffrey,WeberDDS,19791010,True,WeberDDS_4550a
Heather,Murray,19920930,True,Murray_ffd92
Miss,EdgarHendersonII,19960628,True,EdgarHendersonII_8a4c2
Noah,RiveraIII,19920807,True,RiveraIII_fa882
Kristi,Scott,19720213,True,Scott_ffab2
Tamara,WalkerDVM,19740626,True,WalkerDVM_e129d
Bryan,ShermanJr,19810325,True,ShermanJr_0e711
John,HermanPhD,19880713,True,HermanPhD_281d0
Kristy,LePhD,19830220,True,LePhD_9417d
Marc,RiceDVM,20041004,True,RiceDVM_bd99c
Nathan,Potter,19961023,True,Potter_c2981
Lisa,Rocha,19910522,True,Rocha_98604
Latoya,WilsonDDS,19920126,True,WilsonDDS_37038
Charles,Glover,19710419,True,Glover_7231c
Shelby,Mcclain,19910616,True,Mcclain_748a2
Theresa,Thompson,19800802,True,Thompson_04bd4
Melanie,EllisPhD,19860417,True,EllisPhD_0c26d
Alisha,ReidPhD,19790303,True,ReidPhD_0c070
Cheryl,TaylorII,20050725,True,TaylorII_b3fbc
Louis,Neal,19880511,True,Neal_6510f
Daniel,BooneIIDVM,19760815,True,BooneIIDVM_de274
Amanda,Garza,20000823,True,Garza_f38e2
Laura,WaltersMD,19980120,True,WaltersMD_3770a
Tyler,GilmoreIII,19810210,True,GilmoreIII_c141f
Laura,SpencerII,19850815,True,SpencerII_d62fd
Susan,Carroll,19770908,True,Carroll_55f05
Jasmine,Adkins,19891209,True,Adkins_f7047
Miguel,Gallagher,19890623,True,Gallagher_e99f3
Jessica,Johnson,19830704,True,Johnson_148cd
Patricia,Stephenson,19710601,True,Stephenson_6b1c3
Barbara,Clarke,19841109,True,Clarke_f44cb
Miss,EricWarrenPhD,20041222,True,EricWarrenPhD_b8a5f
Daniel,WilsonDVMDDS,20040422,True,WilsonDVMDDS_00b6e
Gabriella,MooreJr,19700701,True,MooreJr_bd5d9
Maria,Haas,19861225,True,Haas_63d67
Angela,Nichols,19751222,True,Nichols_777f9
Veronica,KingII,19930330,True,KingII_9569c
Erin,VargasPhD,19770601,True,VargasPhD_9a60c
Teresa,Bennett,19910801,True,Bennett_3b071
Nicole,JordanDVM,19730215,True,JordanDVM_16403
Troy,Keith,19701026,True,Keith_6d1f3
Miss,JohnWalker,19820728,True,JohnWalker_cdf38
Rachel,PhillipsDDS,20000910,True,PhillipsDDS_9f156
Alyssa,Christian,19990921,True,Christian_8ce40
Julie,Fuller,19770517,True,Fuller_cd4fa
Michelle,Jones,20021110,True,Jones_1610d
Danielle,Parks,19960728,True,Parks_49d1b
Michael,Mccann,19840405,True,Mccann_e2962
Hannah,Newton,19830711,True,Newton_4987d
John,PinedaIII,19901119,True,PinedaIII_82d09
Michael,Mccarthy,20030509,True,Mccarthy_637d9
Valerie,Jacobson,19860324,True,Jacobson_3fc93
Sandra,Jackson,19831026,True,Jackson_9a2ab
Miss,JocelynPadilla,20011228,True,JocelynPadilla_6fe46
Margaret,Hubbard,20041112,True,Hubbard_3fc0c
Robert,MorrisonPhD,19760521,True,MorrisonPhD_fae9d
Cathy,Sanders,19920124,True,Sanders_b5053
Carla,Dunn,19940504,True,Dunn_99b18
Kimberly,Cantu,19890329,True,Cantu_b3079
Sarah,Williams,19900126,True,Williams_65326
Richard,AndrewsJr,20050525,True,AndrewsJr_acbb5
Christine,Hudson,19720212,True,Hudson_85147
Logan,SwansonPhD,20010307,True,SwansonPhD_99f0e
Kendra,Johnson,19840811,True,Johnson_e1e62
Vanessa,Wright,19970610,True,Wright_5069d
Amy,Weaver,19880922,True,Weaver_f1102
Sandy,Castillo,19940717,True,Castillo_21816
Nicholas,ReedMD,19951101,True,ReedMD_43d91
William,Williams,19700314,True,Williams_69c15
Carrie,Munoz,19770113,True,Munoz_00ac3
